% LogFile created by the 'GetSensorData' App for Android.
% Date of creation: Fri Oct 10 21:25:38 GMT+05:00 2025
% Developed by LOPSI research group at CAR-CSIC, Spain (http://www.car.upm-csic.es/lopsi)
% Version 1.0 (development from 2013 to 2016)
% The 'GetSensorData' program stores information from Smartphone/Tablet internal sensors (Accelerometers, Gyroscopes, Magnetometers, Pressure, Ambient Light, Orientation, Sound level, GPS/GNSS positio, WiFi RSS, Cellular/GSM/3G signal strength,...) and also from external devices (e.g. RFCode RFID reader, XSens IMU or LPMS-B IMU)
%
% LogFile Data format:
% Accelerometer data: 	'ACCE;AppTimestamp(s);SensorTimestamp(s);Acc_X(m/s^2);Acc_Y(m/s^2);Acc_Z(m/s^2);Accuracy(integer)'
% Gyroscope data:     	'GYRO;AppTimestamp(s);SensorTimestamp(s);Gyr_X(rad/s);Gyr_Y(rad/s);Gyr_Z(rad/s);Accuracy(integer)'
% Magnetometer data:  	'MAGN;AppTimestamp(s);SensorTimestamp(s);Mag_X(uT);;Mag_Y(uT);Mag_Z(uT);Accuracy(integer)'
% Pressure data:      	'PRES;AppTimestamp(s);SensorTimestamp(s);Pres(mbar);Accuracy(integer)'
% Light data:         	'LIGH;AppTimestamp(s);SensorTimestamp(s);Light(lux);Accuracy(integer)'
% Proximity data:     	'PROX;AppTimestamp(s);SensorTimestamp(s);prox(?);Accuracy(integer)'
% Humidity data:      	'HUMI;AppTimestamp(s);SensorTimestamp(s);humi(Percentage);Accuracy(integer)'
% Temperature data:   	'TEMP;AppTimestamp(s);SensorTimestamp(s);temp(Celsius);Accuracy(integer)'
% Orientation data:   	'AHRS;AppTimestamp(s);SensorTimestamp(s);PitchX(deg);RollY(deg);YawZ(deg);RotVecX();RotVecY();RotVecZ();Accuracy(int)'
% GNSS/GPS data:      	'GNSS;AppTimestamp(s);SensorTimeStamp(s);Latit(deg);Long(deg);Altitude(m);Bearing(deg);Accuracy(m);Speed(m/s);SatInView;SatInUse'
% WIFI data:          	'WIFI;AppTimestamp(s);SensorTimeStamp(s);Name_SSID;MAC_BSSID;RSS(dBm);'
% Bluetooth data:     	'BLUE;AppTimestamp(s);Name;MAC_Address;RSS(dBm);'
% Sound data:         	'SOUN;AppTimestamp(s);RMS;Pressure(Pa);SPL(dB);'
% RFID Reader data:   	'RFID;AppTimestamp(s);ReaderNumber(int);TagID(int);RSS_A(dBm);RSS_B(dBm);'
% IMU XSens data:     	'IMUX;AppTimestamp(s);SensorTimestamp(s);Counter;Acc_X(m/s^2);Acc_Y(m/s^2);Acc_Z(m/s^2);Gyr_X(rad/s);Gyr_Y(rad/s);Gyr_Z(rad/s);Mag_X(uT);;Mag_Y(uT);Mag_Z(uT);Roll(deg);Pitch(deg);Yaw(deg);Quat(1);Quat(2);Quat(3);Quat(4);Pressure(mbar);Temp(Celsius)'
% IMU LPMS-B data:    	'IMUL;AppTimestamp(s);SensorTimestamp(s);Counter;Acc_X(m/s^2);Acc_Y(m/s^2);Acc_Z(m/s^2);Gyr_X(rad/s);Gyr_Y(rad/s);Gyr_Z(rad/s);Mag_X(uT);;Mag_Y(uT);Mag_Z(uT);Roll(deg);Pitch(deg);Yaw(deg);Quat(1);Quat(2);Quat(3);Quat(4);Pressure(mbar);Temp(Celsius)'
% POSI Reference:    		'POSI;Timestamp(s);Counter;Latitude(degrees); Longitude(degrees);floor ID(0,1,2..4);Building ID(0,1,2..3);'
% 
% Note that there are two timestamps: 
%  -'AppTimestamp' is set by the Android App as data is read. It is not representative of when data is actually captured by the sensor (but has a common time reference for all sensors)
%  -'SensorTimestamp' is set by the sensor itself (the delta_time=SensorTimestamp(k)-SensorTimestamp(k-1) between two consecutive samples is an accurate estimate of the sampling interval). This timestamp is better for integrating inertial data. 

MAGN;0.020;1471038.970;14.68750;-3.43750;-41.87500;3
ACCE;0.020;1471038.965;-0.09448;6.51874;7.75724;3
GYRO;0.020;1471038.966;0.12078;0.03375;0.04451;3
MAGN;0.020;1471038.980;14.56250;-3.62500;-41.75000;3
ACCE;0.021;1471038.975;-0.06583;6.47907;7.75755;3
GYRO;0.021;1471038.976;0.09357;-0.01583;0.03426;3
AHRS;0.021;1471038.975;40.6786;0.6285;24.6127;0.33849;0.07911;0.20171;3
MAGN;0.021;1471038.990;14.50000;-3.81250;-41.75000;3
ACCE;0.021;1471038.985;-0.09997;6.47925;7.74170;3
GYRO;0.021;1471038.986;0.06767;-0.09179;0.02485;3
MAGN;0.021;1471039.000;14.56250;-4.00000;-41.81250;3
ACCE;0.021;1471038.995;-0.11210;6.51149;7.76290;3
GYRO;0.021;1471038.996;0.04267;-0.18103;0.02047;3
AHRS;0.021;1471038.995;40.7861;0.5800;24.6645;0.33940;0.07906;0.20191;3
MAGN;0.024;1471039.010;14.50000;-4.00000;-41.87500;3
ACCE;0.041;1471039.005;-0.14163;6.49314;7.78753;3
GYRO;0.041;1471039.006;0.02864;-0.25649;0.02367;3
MAGN;0.041;1471039.019;14.50000;-4.00000;-41.75000;3
ACCE;0.041;1471039.015;-0.03220;6.51351;7.76212;3
GYRO;0.041;1471039.016;0.02105;-0.31479;0.02515;3
AHRS;0.041;1471039.015;40.8350;0.3552;24.6964;0.34016;0.07744;0.20147;3
MAGN;0.077;1471039.029;14.25000;-4.25000;-41.56250;3
ACCE;0.078;1471039.025;0.07773;6.46412;7.67107;3
GYRO;0.078;1471039.026;0.02466;-0.33699;0.02269;3
MAGN;0.078;1471039.039;14.00000;-4.56250;-41.37500;3
ACCE;0.078;1471039.035;0.20168;6.38666;7.58108;3
GYRO;0.078;1471039.036;0.02721;-0.32608;0.01342;3
AHRS;0.078;1471039.035;40.8590;-0.0280;24.7388;0.34100;0.07455;0.20066;3
MAGN;0.078;1471039.049;13.68750;-4.56250;-41.31250;3
ACCE;0.078;1471039.045;0.25257;6.40092;7.56328;3
GYRO;0.078;1471039.046;0.03499;-0.28702;0.00244;3
MAGN;0.078;1471039.059;13.75000;-4.62500;-41.43750;3
ACCE;0.078;1471039.055;0.24647;6.44006;7.55341;3
GYRO;0.078;1471039.056;0.05374;-0.23923;-0.00504;3
AHRS;0.078;1471039.055;40.8899;-0.4125;24.7635;0.34190;0.07160;0.19969;3
MAGN;0.084;1471039.069;13.81250;-4.56250;-41.50000;3
ACCE;0.086;1471039.065;0.22591;6.44788;7.48135;3
GYRO;0.086;1471039.066;0.06733;-0.18226;-0.00332;3
MAGN;0.094;1471039.079;13.93750;-4.37500;-41.50000;3
ACCE;0.096;1471039.075;0.17576;6.45952;7.42942;3
GYRO;0.096;1471039.075;0.08432;-0.12411;0.00262;3
AHRS;0.098;1471039.075;40.9514;-0.6797;24.7610;0.34286;0.06957;0.19883;3
MAGN;0.104;1471039.089;13.87500;-4.12500;-41.18750;3
ACCE;0.106;1471039.085;0.18173;6.49738;7.40337;3
GYRO;0.106;1471039.085;0.09788;-0.07145;0.01316;3
MAGN;0.114;1471039.099;13.68750;-4.00000;-41.06250;3
ACCE;0.116;1471039.094;0.17800;6.50781;7.34177;3
GYRO;0.116;1471039.095;0.10629;-0.03285;0.02014;3
AHRS;0.118;1471039.094;41.0478;-0.8233;24.7710;0.34387;0.06863;0.19841;3
MAGN;0.123;1471039.109;13.56250;-4.00000;-40.87500;3
ACCE;0.126;1471039.104;0.12606;6.49534;7.26614;3
GYRO;0.126;1471039.105;0.10554;-0.00414;0.03004;3
MAGN;0.133;1471039.119;13.68750;-4.18750;-41.06250;3
ACCE;0.136;1471039.114;0.11715;6.52653;7.24252;3
GYRO;0.136;1471039.115;0.09645;0.00799;0.03805;3
AHRS;0.138;1471039.114;41.1690;-0.8801;24.8056;0.34492;0.06849;0.19843;3
MAGN;0.144;1471039.129;14.00000;-4.12500;-41.06250;3
ACCE;0.146;1471039.124;0.11803;6.53002;7.19161;3
GYRO;0.146;1471039.125;0.08397;0.00634;0.04018;3
MAGN;0.153;1471039.139;14.06250;-4.12500;-41.12500;3
ACCE;0.156;1471039.134;0.08472;6.54210;7.18976;3
GYRO;0.156;1471039.135;0.06566;-0.00457;0.04273;3
AHRS;0.158;1471039.134;41.2788;-0.9082;24.8674;0.34580;0.06865;0.19876;3
MAGN;0.163;1471039.149;13.93750;-4.12500;-41.12500;3
ACCE;0.165;1471039.144;0.01919;6.55219;7.20814;3
GYRO;0.166;1471039.145;0.04801;-0.02398;0.04913;3
SOUN;0.172;204.20;0.00623;49.87
MAGN;0.173;1471039.158;13.93750;-4.12500;-41.00000;3
ACCE;0.175;1471039.154;0.03325;6.55880;7.27454;3
GYRO;0.176;1471039.155;0.03314;-0.04810;0.05582;3
AHRS;0.177;1471039.154;41.3529;-0.9552;24.9387;0.34643;0.06862;0.19913;3
MAGN;0.183;1471039.168;13.75000;-4.25000;-41.00000;3
ACCE;0.185;1471039.164;0.05216;6.55589;7.27743;3
GYRO;0.186;1471039.165;0.02194;-0.06554;0.05418;3
MAGN;0.193;1471039.178;13.37500;-4.18750;-41.25000;3
ACCE;0.195;1471039.174;0.11551;6.53404;7.24569;3
GYRO;0.196;1471039.175;0.00412;-0.07480;0.05138;3
AHRS;0.197;1471039.174;41.3897;-1.0648;25.0262;0.34686;0.06808;0.19947;3
MAGN;0.203;1471039.188;13.68750;-4.25000;-41.62500;3
ACCE;0.205;1471039.184;0.15508;6.51826;7.24838;3
GYRO;0.206;1471039.185;-0.01627;-0.07697;0.04402;3
MAGN;0.213;1471039.198;13.81250;-4.25000;-41.68750;3
ACCE;0.215;1471039.194;0.18529;6.51377;7.31447;3
GYRO;0.216;1471039.195;-0.02761;-0.07950;0.03620;3
AHRS;0.217;1471039.194;41.3930;-1.2000;25.1064;0.34708;0.06725;0.19970;3
MAGN;0.223;1471039.208;13.68750;-4.18750;-42.06250;3
ACCE;0.225;1471039.204;0.18455;6.48822;7.43433;3
GYRO;0.225;1471039.204;-0.03869;-0.08418;0.03384;3
MAGN;0.233;1471039.218;13.68750;-4.06250;-42.31250;3
ACCE;0.235;1471039.214;0.18408;6.46914;7.50810;3
GYRO;0.236;1471039.214;-0.03859;-0.08395;0.03135;3
LIGH;0.236;1471039.218;0.0;3
AHRS;0.238;1471039.214;41.3587;-1.3308;25.1680;0.34700;0.06633;0.19982;3
MAGN;0.243;1471039.228;13.56250;-4.18750;-42.12500;3
ACCE;0.245;1471039.223;0.19812;6.47022;7.59344;3
GYRO;0.245;1471039.224;-0.03074;-0.08276;0.03018;3
MAGN;0.253;1471039.238;13.62500;-4.12500;-42.06250;3
ACCE;0.256;1471039.233;0.24803;6.47532;7.62810;3
GYRO;0.259;1471039.234;-0.02122;-0.08048;0.03114;3
AHRS;0.262;1471039.233;41.3157;-1.4490;25.2136;0.34684;0.06545;0.19986;3
MAGN;0.264;1471039.248;13.68750;-4.12500;-42.12500;3
ACCE;0.265;1471039.243;0.25412;6.46880;7.67727;3
GYRO;0.265;1471039.244;-0.00782;-0.07288;0.02754;3
MAGN;0.273;1471039.258;13.56250;-4.00000;-42.12500;3
ACCE;0.276;1471039.253;0.27931;6.48385;7.65574;3
GYRO;0.277;1471039.254;0.00583;-0.06508;0.02508;3
AHRS;0.278;1471039.253;41.2903;-1.5696;25.2617;0.34682;0.06458;0.19989;3
MAGN;0.283;1471039.268;13.62500;-4.00000;-42.12500;3
ACCE;0.285;1471039.263;0.30902;6.48368;7.59799;3
GYRO;0.286;1471039.264;0.01721;-0.05948;0.02260;3
MAGN;0.292;1471039.278;13.31250;-4.12500;-42.06250;3
ACCE;0.295;1471039.273;0.33822;6.48526;7.53853;3
GYRO;0.296;1471039.274;0.02285;-0.04955;0.02089;3
AHRS;0.297;1471039.273;41.2958;-1.6671;25.3017;0.34701;0.06394;0.19991;3
MAGN;0.303;1471039.288;13.31250;-4.00000;-42.31250;3
ACCE;0.307;1471039.283;0.30217;6.50252;7.53211;3
GYRO;0.308;1471039.284;0.02602;-0.05444;0.02004;3
MAGN;0.313;1471039.297;13.18750;-4.06250;-41.93750;3
ACCE;0.315;1471039.293;0.32419;6.52389;7.48978;3
GYRO;0.316;1471039.294;0.02649;-0.05629;0.01663;3
AHRS;0.317;1471039.293;41.3212;-1.7432;25.3362;0.34732;0.06348;0.19994;3
MAGN;0.322;1471039.307;13.25000;-4.18750;-41.93750;3
ACCE;0.324;1471039.303;0.34257;6.55009;7.46237;3
GYRO;0.325;1471039.304;0.02435;-0.05072;0.01150;3
MAGN;0.332;1471039.317;13.37500;-4.00000;-42.06250;3
ACCE;0.334;1471039.313;0.31075;6.54610;7.42119;3
GYRO;0.334;1471039.314;0.02023;-0.04737;0.00819;3
AHRS;0.336;1471039.313;41.3508;-1.8230;25.3645;0.34768;0.06299;0.19990;3
MAGN;0.342;1471039.327;13.37500;-4.12500;-42.25000;3
ACCE;0.344;1471039.323;0.28200;6.54272;7.39685;3
GYRO;0.345;1471039.324;0.01719;-0.04088;0.00860;3
MAGN;0.360;1471039.337;13.12500;-4.18750;-42.25000;3
ACCE;0.360;1471039.333;0.28107;6.56854;7.38212;3
GYRO;0.360;1471039.334;0.01508;-0.03375;0.01524;3
AHRS;0.360;1471039.333;41.3733;-1.8839;25.3797;0.34796;0.06259;0.19982;3
MAGN;0.362;1471039.347;13.25000;-4.25000;-42.31250;3
WIFI;0.362;1471031.815;Pixel_6pro;ce:85:13:6b:00:7b;-88
WIFI;0.362;1471031.815;wireless;e0:36:76:1e:5a:d9;-49
WIFI;0.362;1471031.815;MEHAR HOUSE 1;0c:45:ba:2d:a2:14;-85
WIFI;0.362;1471031.815;FAISAL;24:44:27:0c:a0:14;-69
ACCE;0.376;1471039.343;0.29577;6.54718;7.37129;3
GYRO;0.377;1471039.343;0.00862;-0.02445;0.02105;3
MAGN;0.377;1471039.357;13.37500;-4.31250;-42.25000;3
ACCE;0.377;1471039.353;0.32354;6.53336;7.35036;3
GYRO;0.377;1471039.353;-0.00040;-0.01742;0.02215;3
AHRS;0.377;1471039.353;41.3899;-1.9360;25.4082;0.34817;0.06229;0.19987;3
MAGN;0.382;1471039.367;13.37500;-4.31250;-42.18750;3
ACCE;0.383;1471039.362;0.36731;6.51876;7.35903;3
GYRO;0.384;1471039.363;-0.00763;-0.01873;0.02059;3
MAGN;0.392;1471039.377;13.18750;-4.50000;-42.06250;3
ACCE;0.394;1471039.372;0.38798;6.51478;7.37196;3
GYRO;0.394;1471039.373;-0.01281;-0.02032;0.01583;3
AHRS;0.396;1471039.372;41.3883;-1.9759;25.4436;0.34821;0.06208;0.20004;3
MAGN;0.402;1471039.387;13.18750;-4.37500;-42.06250;3
ACCE;0.403;1471039.382;0.37466;6.49998;7.34229;3
GYRO;0.403;1471039.383;-0.01904;-0.02824;0.01025;3
MAGN;0.411;1471039.397;13.00000;-4.31250;-41.68750;3
ACCE;0.413;1471039.392;0.37879;6.52841;7.34472;3
GYRO;0.414;1471039.393;-0.02756;-0.02761;0.00675;3
AHRS;0.416;1471039.392;41.3726;-2.0123;25.4686;0.34813;0.06183;0.20014;3
MAGN;0.421;1471039.407;12.93750;-4.31250;-41.62500;3
ACCE;0.425;1471039.402;0.36993;6.53907;7.32090;3
GYRO;0.425;1471039.403;-0.03492;-0.02691;0.00752;3
MAGN;0.436;1471039.417;12.75000;-4.31250;-41.56250;3
ACCE;0.437;1471039.412;0.31960;6.54075;7.30910;3
GYRO;0.437;1471039.413;-0.04690;-0.03374;0.00658;3
AHRS;0.437;1471039.412;41.3406;-2.0474;25.4791;0.34793;0.06152;0.20014;3
MAGN;0.441;1471039.426;12.87500;-4.06250;-41.68750;3
ACCE;0.443;1471039.422;0.31480;6.54285;7.32823;3
GYRO;0.443;1471039.423;-0.05979;-0.03297;0.00813;3
MAGN;0.451;1471039.436;12.56250;-3.87500;-41.56250;3
ACCE;0.453;1471039.432;0.30632;6.55252;7.34006;3
GYRO;0.453;1471039.433;-0.07447;-0.03665;0.01009;3
AHRS;0.456;1471039.432;41.2865;-2.0884;25.4880;0.34757;0.06112;0.20013;3
MAGN;0.461;1471039.446;12.56250;-3.81250;-41.50000;3
ACCE;0.463;1471039.442;0.30372;6.52523;7.35608;3
GYRO;0.463;1471039.443;-0.09521;-0.05131;0.01307;3
MAGN;0.471;1471039.456;12.56250;-3.75000;-41.43750;3
ACCE;0.473;1471039.452;0.27847;6.51762;7.39140;3
GYRO;0.473;1471039.453;-0.11980;-0.06943;0.01457;3
AHRS;0.475;1471039.452;41.2005;-2.1354;25.5007;0.34696;0.06063;0.20016;3
MAGN;0.481;1471039.466;12.56250;-3.62500;-41.43750;3
ACCE;0.483;1471039.462;0.30283;6.53302;7.47762;3
GYRO;0.483;1471039.463;-0.14144;-0.08769;0.01599;3
MAGN;0.491;1471039.476;12.62500;-3.62500;-41.68750;3
ACCE;0.493;1471039.472;0.29694;6.52258;7.56295;3
GYRO;0.493;1471039.472;-0.16010;-0.10627;0.01887;3
AHRS;0.495;1471039.472;41.0625;-2.2225;25.5204;0.34600;0.05974;0.20017;3
MAGN;0.501;1471039.486;12.43750;-3.56250;-41.93750;3
SOUN;0.502;294.85;0.00900;53.06
ACCE;0.505;1471039.482;0.32186;6.50054;7.60362;3
GYRO;0.505;1471039.482;-0.17521;-0.11540;0.02084;3
MAGN;0.511;1471039.496;12.50000;-3.68750;-41.93750;3
ACCE;0.513;1471039.491;0.31330;6.46479;7.60576;3
GYRO;0.515;1471039.492;-0.18680;-0.12367;0.02210;3
AHRS;0.516;1471039.491;40.8782;-2.3542;25.5439;0.34475;0.05841;0.20011;3
MAGN;0.520;1471039.506;12.62500;-3.37500;-42.00000;3
ACCE;0.523;1471039.501;0.35473;6.42568;7.58870;3
GYRO;0.524;1471039.502;-0.19745;-0.12088;0.02162;3
MAGN;0.530;1471039.516;12.43750;-3.50000;-42.06250;3
ACCE;0.533;1471039.511;0.37599;6.43880;7.61655;3
GYRO;0.533;1471039.512;-0.20396;-0.11545;0.01979;3
AHRS;0.535;1471039.511;40.6631;-2.5076;25.5668;0.34330;0.05685;0.20002;3
MAGN;0.540;1471039.526;12.43750;-3.56250;-42.12500;3
ACCE;0.542;1471039.521;0.37348;6.40229;7.65069;3
GYRO;0.543;1471039.522;-0.20511;-0.10704;0.01649;3
MAGN;0.550;1471039.536;12.50000;-3.56250;-42.31250;3
ACCE;0.552;1471039.531;0.35948;6.37179;7.68440;3
GYRO;0.553;1471039.532;-0.19401;-0.09863;0.01360;3
AHRS;0.555;1471039.531;40.4284;-2.6476;25.5841;0.34166;0.05534;0.19994;3
MAGN;0.560;1471039.546;12.68750;-3.31250;-42.50000;3
ACCE;0.562;1471039.541;0.39905;6.35549;7.66552;3
GYRO;0.563;1471039.542;-0.18118;-0.08592;0.01101;3
MAGN;0.570;1471039.556;12.50000;-3.37500;-42.50000;3
ACCE;0.572;1471039.551;0.44159;6.31971;7.73609;3
GYRO;0.573;1471039.552;-0.17127;-0.07545;0.00295;3
AHRS;0.575;1471039.551;40.2053;-2.7625;25.5923;0.34008;0.05403;0.19985;3
MAGN;0.580;1471039.565;12.37500;-3.25000;-42.37500;3
ACCE;0.583;1471039.561;0.40166;6.32810;7.72866;3
GYRO;0.583;1471039.562;-0.15314;-0.06566;-0.00086;3
LIGH;0.584;1471039.565;0.0;3
MAGN;0.590;1471039.575;12.62500;-3.18750;-42.31250;3
ACCE;0.592;1471039.571;0.38198;6.32687;7.72294;3
GYRO;0.593;1471039.572;-0.13347;-0.05096;-0.00424;3
AHRS;0.594;1471039.571;40.0089;-2.8414;25.5858;0.33866;0.05301;0.19973;3
MAGN;0.600;1471039.585;12.43750;-3.00000;-42.43750;3
ACCE;0.602;1471039.581;0.36725;6.31023;7.69077;3
GYRO;0.603;1471039.582;-0.11444;-0.02813;-0.00367;3
MAGN;0.609;1471039.595;12.37500;-3.12500;-42.37500;3
ACCE;0.612;1471039.591;0.35845;6.27594;7.66332;3
GYRO;0.613;1471039.592;-0.09798;-0.01292;-0.00298;3
SOUN;0.613;169.85;0.00518;48.27
AHRS;0.615;1471039.591;39.8562;-2.8867;25.5737;0.33752;0.05232;0.19963;3
MAGN;0.620;1471039.605;12.56250;-3.06250;-42.31250;3
ACCE;0.622;1471039.601;0.34482;6.26870;7.62188;3
GYRO;0.622;1471039.602;-0.08344;0.00363;0.00089;3
MAGN;0.630;1471039.615;12.75000;-3.12500;-42.12500;3
ACCE;0.632;1471039.611;0.36847;6.29114;7.62183;3
GYRO;0.633;1471039.611;-0.07290;0.00831;0.00569;3
AHRS;0.634;1471039.611;39.7440;-2.8914;25.5634;0.33664;0.05204;0.19963;3
MAGN;0.640;1471039.625;12.68750;-3.00000;-42.12500;3
ACCE;0.642;1471039.621;0.33130;6.28415;7.57649;3
GYRO;0.642;1471039.621;-0.06245;0.01396;0.00668;3
MAGN;0.650;1471039.635;12.43750;-3.12500;-42.12500;3
ACCE;0.652;1471039.630;0.36082;6.28641;7.58995;3
GYRO;0.653;1471039.631;-0.06329;0.00654;0.00819;3
AHRS;0.654;1471039.630;39.6601;-2.8815;25.5709;0.33595;0.05198;0.19979;3
MAGN;0.660;1471039.645;12.75000;-2.93750;-42.31250;3
ACCE;0.662;1471039.640;0.39962;6.28013;7.56975;3
GYRO;0.662;1471039.641;-0.06929;-0.00948;0.00487;3
MAGN;0.670;1471039.655;12.62500;-2.87500;-42.43750;3
ACCE;0.672;1471039.650;0.37503;6.27805;7.51613;3
GYRO;0.672;1471039.651;-0.08414;-0.02510;0.00398;3
AHRS;0.674;1471039.650;39.5870;-2.8761;25.5797;0.33535;0.05191;0.19994;3
MAGN;0.680;1471039.665;12.43750;-3.06250;-42.50000;3
ACCE;0.682;1471039.660;0.38507;6.30431;7.54059;3
GYRO;0.683;1471039.661;-0.10552;-0.04498;-0.00019;3
MAGN;0.690;1471039.675;12.68750;-3.06250;-42.56250;3
ACCE;0.691;1471039.670;0.37871;6.30577;7.57083;3
GYRO;0.692;1471039.671;-0.12692;-0.06774;-0.00353;3
AHRS;0.694;1471039.670;39.4903;-2.9022;25.5808;0.33463;0.05153;0.19996;3
MAGN;0.700;1471039.685;12.62500;-2.87500;-42.43750;3
ACCE;0.702;1471039.680;0.36544;6.32152;7.59583;3
GYRO;0.702;1471039.681;-0.14427;-0.08276;-0.00754;3
MAGN;0.709;1471039.694;12.62500;-2.81250;-42.25000;3
ACCE;0.711;1471039.690;0.37343;6.31054;7.63091;3
GYRO;0.712;1471039.691;-0.16301;-0.09029;-0.00737;3
AHRS;0.714;1471039.690;39.3449;-2.9678;25.5703;0.33358;0.05069;0.19981;3
MAGN;0.719;1471039.704;12.62500;-2.62500;-42.37500;3
ACCE;0.721;1471039.700;0.36476;6.30908;7.69057;3
GYRO;0.722;1471039.701;-0.16874;-0.08474;-0.00831;3
MAGN;0.729;1471039.714;12.62500;-2.50000;-42.25000;3
ACCE;0.731;1471039.710;0.40548;6.27682;7.79038;3
GYRO;0.732;1471039.711;-0.16994;-0.08357;-0.00845;3
AHRS;0.733;1471039.710;39.1587;-3.0539;25.5483;0.33225;0.04958;0.19954;3
MAGN;0.739;1471039.724;12.75000;-2.25000;-42.25000;3
ACCE;0.741;1471039.720;0.43001;6.25520;7.83398;3
GYRO;0.742;1471039.721;-0.16821;-0.08245;-0.00712;3
MAGN;0.749;1471039.734;12.68750;-2.18750;-42.06250;3
ACCE;0.751;1471039.730;0.46642;6.22343;7.84449;3
GYRO;0.752;1471039.731;-0.15795;-0.07093;-0.00817;3
AHRS;0.753;1471039.730;38.9646;-3.1308;25.5267;0.33084;0.04854;0.19931;3
MAGN;0.759;1471039.744;12.81250;-2.25000;-42.12500;3
ACCE;0.761;1471039.740;0.48461;6.21308;7.87407;3
GYRO;0.762;1471039.741;-0.13755;-0.05814;-0.01269;3
MAGN;0.768;1471039.754;12.81250;-1.93750;-42.06250;3
ACCE;0.771;1471039.750;0.45950;6.20184;7.88356;3
GYRO;0.774;1471039.750;-0.12481;-0.05206;-0.01438;3
AHRS;0.777;1471039.750;38.7842;-3.1940;25.5034;0.32952;0.04762;0.19910;3
MAGN;0.780;1471039.764;12.50000;-2.00000;-42.00000;3
ACCE;0.781;1471039.760;0.44824;6.20246;7.85784;3
GYRO;0.782;1471039.760;-0.11085;-0.04667;-0.01450;3
MAGN;0.789;1471039.774;12.56250;-2.00000;-42.12500;3
ACCE;0.791;1471039.769;0.45815;6.19763;7.86384;3
GYRO;0.791;1471039.770;-0.10069;-0.03379;-0.01571;3
AHRS;0.793;1471039.769;38.6421;-3.2316;25.4764;0.32846;0.04697;0.19890;3
MAGN;0.798;1471039.784;12.50000;-1.81250;-42.31250;3
ACCE;0.801;1471039.779;0.44694;6.18916;7.88528;3
GYRO;0.801;1471039.780;-0.08873;-0.02395;-0.01831;3
MAGN;0.809;1471039.794;12.37500;-1.87500;-42.25000;3
ACCE;0.811;1471039.789;0.41030;6.17915;7.93055;3
GYRO;0.811;1471039.790;-0.07819;-0.02641;-0.01424;3
AHRS;0.813;1471039.789;38.5278;-3.2482;25.4465;0.32758;0.04654;0.19871;3
MAGN;0.818;1471039.804;12.37500;-2.00000;-42.37500;3
ACCE;0.820;1471039.799;0.39647;6.14567;7.94272;3
GYRO;0.821;1471039.800;-0.06355;-0.03388;-0.00644;3
MAGN;0.828;1471039.814;12.43750;-2.06250;-42.25000;3
ACCE;0.830;1471039.809;0.42765;6.13014;7.91031;3
GYRO;0.831;1471039.810;-0.05128;-0.04070;0.00000;3
AHRS;0.833;1471039.809;38.4390;-3.2590;25.4237;0.32690;0.04622;0.19857;3
MAGN;0.838;1471039.824;12.43750;-2.12500;-42.56250;3
ACCE;0.841;1471039.819;0.44166;6.11919;7.84099;3
GYRO;0.841;1471039.820;-0.04636;-0.03812;0.00609;3
MAGN;0.848;1471039.833;12.37500;-1.93750;-42.43750;3
ACCE;0.850;1471039.829;0.44696;6.12324;7.79766;3
GYRO;0.851;1471039.830;-0.04328;-0.02215;0.00782;3
AHRS;0.852;1471039.829;38.3801;-3.3003;25.4207;0.32650;0.04576;0.19848;3
MAGN;0.858;1471039.843;12.37500;-2.06250;-42.31250;3
ACCE;0.860;1471039.839;0.46002;6.12406;7.77107;3
GYRO;0.861;1471039.840;-0.04091;-0.01574;0.01114;3
MAGN;0.868;1471039.853;12.62500;-1.75000;-42.50000;3
ACCE;0.870;1471039.849;0.46383;6.11419;7.78682;3
GYRO;0.870;1471039.850;-0.03965;-0.01695;0.01536;3
AHRS;0.872;1471039.849;38.3298;-3.3281;25.4301;0.32614;0.04547;0.19852;3
MAGN;0.878;1471039.863;12.62500;-1.87500;-42.37500;3
ACCE;0.880;1471039.859;0.49024;6.08419;7.72537;3
GYRO;0.881;1471039.860;-0.04180;-0.01733;0.01391;3
MAGN;0.888;1471039.873;12.62500;-2.00000;-42.31250;3
ACCE;0.890;1471039.869;0.51969;6.08990;7.71599;3
GYRO;0.890;1471039.870;-0.04367;-0.01759;0.00979;3
AHRS;0.892;1471039.869;38.2832;-3.3567;25.4505;0.32581;0.04521;0.19864;3
MAGN;0.898;1471039.883;12.68750;-2.00000;-42.31250;3
ACCE;0.900;1471039.879;0.49431;6.09472;7.75395;3
GYRO;0.900;1471039.879;-0.04527;-0.02222;0.00592;3
MAGN;0.908;1471039.893;12.62500;-2.00000;-42.25000;3
ACCE;0.910;1471039.889;0.48655;6.08190;7.78728;3
GYRO;0.910;1471039.889;-0.04578;-0.02981;0.00271;3
AHRS;0.912;1471039.889;38.2325;-3.3810;25.4625;0.32544;0.04495;0.19871;3
MAGN;0.918;1471039.903;12.50000;-2.12500;-42.43750;3
ACCE;0.920;1471039.898;0.48401;6.09790;7.81440;3
GYRO;0.920;1471039.899;-0.04175;-0.02728;-0.00265;3
MAGN;0.927;1471039.913;12.62500;-2.00000;-42.37500;3
ACCE;0.931;1471039.908;0.46969;6.09316;7.82389;3
GYRO;0.931;1471039.909;-0.03286;-0.01876;-0.00750;3
LIGH;0.932;1471039.913;0.0;3
AHRS;0.933;1471039.908;38.1770;-3.4142;25.4641;0.32505;0.04458;0.19868;3
MAGN;0.938;1471039.923;12.50000;-2.00000;-42.37500;3
ACCE;0.940;1471039.918;0.45513;6.09850;7.82955;3
GYRO;0.940;1471039.919;-0.02836;-0.01646;-0.00834;3
SOUN;0.944;300.98;0.00919;53.24
MAGN;0.948;1471039.933;12.31250;-1.93750;-42.37500;3
ACCE;0.949;1471039.928;0.48726;6.08370;7.80633;3
GYRO;0.950;1471039.929;-0.02011;-0.01000;-0.00976;3
AHRS;0.952;1471039.928;38.1413;-3.4242;25.4527;0.32479;0.04440;0.19859;3
MAGN;0.957;1471039.943;12.18750;-2.00000;-42.06250;3
ACCE;0.959;1471039.938;0.48775;6.08381;7.79546;3
GYRO;0.960;1471039.939;-0.01857;0.00077;-0.01309;3
MAGN;0.967;1471039.953;12.00000;-1.93750;-42.06250;3
ACCE;0.969;1471039.948;0.47783;6.08288;7.81602;3
GYRO;0.970;1471039.949;-0.01880;0.01072;-0.01440;3
AHRS;0.972;1471039.948;38.1187;-3.4234;25.4414;0.32461;0.04433;0.19852;3
MAGN;0.977;1471039.962;11.81250;-1.87500;-42.06250;3
ACCE;0.979;1471039.958;0.45097;6.07361;7.81762;3
GYRO;0.980;1471039.959;-0.01962;0.01684;-0.01384;3
MAGN;0.987;1471039.972;11.68750;-1.87500;-42.06250;3
ACCE;0.989;1471039.968;0.43238;6.09053;7.78589;3
GYRO;0.989;1471039.969;-0.02421;0.01616;-0.01021;3
AHRS;0.991;1471039.968;38.0978;-3.3948;25.4205;0.32440;0.04447;0.19845;3
MAGN;0.997;1471039.982;11.81250;-1.75000;-41.93750;3
ACCE;0.999;1471039.978;0.46208;6.09603;7.79865;3
GYRO;0.999;1471039.979;-0.03241;0.01018;-0.00637;3
MAGN;1.007;1471039.992;11.93750;-1.62500;-41.75000;3
ACCE;1.009;1471039.988;0.46575;6.09344;7.78266;3
GYRO;1.010;1471039.989;-0.03859;0.00171;-0.00492;3
AHRS;1.011;1471039.988;38.0704;-3.3635;25.4054;0.32413;0.04462;0.19844;3
MAGN;1.017;1471040.002;11.87500;-1.56250;-41.62500;3
ACCE;1.022;1471039.998;0.45942;6.09591;7.78748;3
GYRO;1.024;1471039.999;-0.04552;-0.01025;-0.00234;3
MAGN;1.027;1471040.012;12.06250;-1.68750;-41.68750;3
ACCE;1.029;1471040.008;0.49317;6.10242;7.82892;3
GYRO;1.029;1471040.009;-0.04852;-0.02119;-0.00119;3
AHRS;1.031;1471040.008;38.0262;-3.3526;25.3966;0.32376;0.04460;0.19844;3
MAGN;1.039;1471040.022;12.37500;-1.62500;-41.68750;3
ACCE;1.039;1471040.018;0.49492;6.09776;7.86584;3
GYRO;1.040;1471040.018;-0.04637;-0.03693;0.00024;3
MAGN;1.048;1471040.032;12.50000;-1.68750;-41.93750;3
ACCE;1.049;1471040.028;0.48945;6.08235;7.88143;3
GYRO;1.051;1471040.028;-0.03807;-0.03759;-0.00311;3
AHRS;1.053;1471040.028;37.9705;-3.3709;25.3925;0.32335;0.04434;0.19840;3
MAGN;1.057;1471040.042;12.68750;-1.62500;-42.12500;3
ACCE;1.059;1471040.037;0.51547;6.09437;7.91423;3
GYRO;1.059;1471040.038;-0.03402;-0.03379;-0.00602;3
MAGN;1.067;1471040.052;12.81250;-1.62500;-42.25000;3
ACCE;1.069;1471040.047;0.49903;6.09156;7.90007;3
GYRO;1.070;1471040.048;-0.02515;-0.02299;-0.01237;3
AHRS;1.071;1471040.047;37.9268;-3.4067;25.3863;0.32306;0.04395;0.19829;3
MAGN;1.077;1471040.062;12.93750;-1.56250;-42.43750;3
ACCE;1.079;1471040.057;0.47848;6.08948;7.88318;3
GYRO;1.081;1471040.058;-0.02108;-0.00852;-0.01340;3
MAGN;1.086;1471040.072;13.00000;-1.68750;-42.37500;3
ACCE;1.089;1471040.067;0.48025;6.08538;7.88797;3
GYRO;1.089;1471040.068;-0.01845;0.00984;-0.01148;3
AHRS;1.091;1471040.067;37.8985;-3.4183;25.3679;0.32286;0.04375;0.19813;3
MAGN;1.096;1471040.082;12.75000;-1.68750;-42.56250;3
ACCE;1.098;1471040.077;0.48806;6.06043;7.86761;3
GYRO;1.099;1471040.078;-0.01892;0.02272;-0.00881;3
MAGN;1.106;1471040.092;12.62500;-1.81250;-42.43750;3
ACCE;1.108;1471040.087;0.48658;6.05358;7.85380;3
GYRO;1.109;1471040.088;-0.01925;0.03176;-0.00808;3
AHRS;1.111;1471040.087;37.8778;-3.3934;25.3513;0.32266;0.04386;0.19809;3
MAGN;1.116;1471040.101;12.68750;-1.68750;-42.56250;3
ACCE;1.119;1471040.097;0.50105;6.06271;7.87245;3
GYRO;1.120;1471040.098;-0.02016;0.03702;-0.01063;3
MAGN;1.126;1471040.111;12.56250;-1.68750;-42.68750;3
ACCE;1.128;1471040.107;0.50629;6.07945;7.88727;3
GYRO;1.129;1471040.108;-0.01876;0.03016;-0.01431;3
AHRS;1.131;1471040.107;37.8560;-3.3464;25.3397;0.32240;0.04417;0.19814;3
MAGN;1.136;1471040.121;12.43750;-1.56250;-42.75000;3
ACCE;1.138;1471040.117;0.44930;6.08002;7.91093;3
GYRO;1.140;1471040.118;-0.01531;0.01121;-0.01419;3
MAGN;1.146;1471040.131;12.31250;-1.56250;-42.93750;3
ACCE;1.148;1471040.127;0.40204;6.08847;7.91976;3
GYRO;1.149;1471040.128;-0.00888;-0.00932;-0.01047;3
AHRS;1.151;1471040.127;37.8350;-3.2958;25.3192;0.32216;0.04448;0.19814;3
MAGN;1.156;1471040.141;12.31250;-1.75000;-42.81250;3
ACCE;1.158;1471040.137;0.41355;6.08910;7.89468;3
GYRO;1.159;1471040.138;-0.00482;-0.02686;-0.00370;3
SOUN;1.165;99.76;0.00304;43.65
MAGN;1.166;1471040.151;12.18750;-1.62500;-42.87500;3
ACCE;1.168;1471040.147;0.41368;6.08477;7.87410;3
GYRO;1.169;1471040.147;0.00026;-0.03196;0.00253;3
AHRS;1.170;1471040.147;37.8251;-3.2943;25.3049;0.32208;0.04443;0.19804;3
MAGN;1.176;1471040.161;12.00000;-1.56250;-42.87500;3
ACCE;1.178;1471040.157;0.45777;6.06585;7.80857;3
GYRO;1.179;1471040.157;0.00049;-0.02370;0.00377;3
MAGN;1.186;1471040.171;12.06250;-1.43750;-42.81250;3
ACCE;1.188;1471040.166;0.44312;6.05882;7.79384;3
GYRO;1.189;1471040.167;-0.00288;-0.01040;0.00497;3
AHRS;1.191;1471040.166;37.8248;-3.3308;25.3103;0.32214;0.04415;0.19798;3
MAGN;1.196;1471040.181;12.06250;-1.31250;-43.06250;3
ACCE;1.198;1471040.176;0.45973;6.03829;7.78487;3
GYRO;1.198;1471040.177;-0.00353;0.00098;0.00469;3
MAGN;1.206;1471040.191;12.12500;-1.31250;-42.93750;3
ACCE;1.208;1471040.186;0.44271;6.04487;7.80181;3
GYRO;1.208;1471040.187;-0.00843;0.00695;0.00222;3
AHRS;1.210;1471040.186;37.8209;-3.3446;25.3190;0.32213;0.04406;0.19801;3
MAGN;1.215;1471040.201;12.12500;-1.43750;-43.06250;3
ACCE;1.217;1471040.196;0.44393;6.03935;7.81671;3
GYRO;1.218;1471040.197;-0.01442;0.01089;0.00195;3
MAGN;1.226;1471040.211;12.25000;-1.56250;-42.81250;3
ACCE;1.228;1471040.206;0.44998;6.04171;7.82591;3
GYRO;1.228;1471040.207;-0.01792;0.00140;0.00112;3
AHRS;1.230;1471040.206;37.8107;-3.3357;25.3231;0.32203;0.04412;0.19808;3
MAGN;1.236;1471040.221;12.31250;-1.62500;-42.56250;3
ACCE;1.237;1471040.216;0.44167;6.02962;7.80975;3
GYRO;1.238;1471040.217;-0.02096;-0.01339;0.00239;3
MAGN;1.245;1471040.231;12.43750;-1.62500;-42.68750;3
ACCE;1.248;1471040.226;0.47195;6.00013;7.79415;3
GYRO;1.248;1471040.227;-0.02321;-0.02330;0.00143;3
AHRS;1.250;1471040.226;37.7897;-3.3318;25.3250;0.32185;0.04412;0.19812;3
MAGN;1.255;1471040.240;12.56250;-1.87500;-42.43750;3
ACCE;1.258;1471040.236;0.47423;6.00778;7.79942;3
GYRO;1.258;1471040.237;-0.02684;-0.02225;-0.00065;3
MAGN;1.265;1471040.250;12.75000;-1.81250;-42.75000;3
ACCE;1.267;1471040.246;0.49778;6.01520;7.77264;3
GYRO;1.268;1471040.247;-0.02922;-0.01489;-0.00333;3
AHRS;1.269;1471040.246;37.7626;-3.3560;25.3268;0.32168;0.04388;0.19809;3
MAGN;1.275;1471040.260;12.75000;-1.87500;-42.62500;3
ACCE;1.278;1471040.256;0.48012;6.01695;7.76222;3
GYRO;1.282;1471040.257;-0.03175;-0.00524;-0.00410;3
LIGH;1.284;1471040.260;0.0;3
MAGN;1.286;1471040.270;12.75000;-1.93750;-42.37500;3
ACCE;1.289;1471040.266;0.49421;6.03124;7.76077;3
GYRO;1.289;1471040.267;-0.03491;0.01234;-0.00846;3
AHRS;1.290;1471040.266;37.7290;-3.3663;25.3212;0.32143;0.04372;0.19805;3
MAGN;1.295;1471040.280;12.56250;-1.75000;-42.43750;3
ACCE;1.297;1471040.276;0.50367;6.03590;7.77153;3
GYRO;1.297;1471040.277;-0.03684;0.02510;-0.01367;3
MAGN;1.305;1471040.290;12.56250;-1.75000;-42.37500;3
ACCE;1.307;1471040.286;0.49390;6.04239;7.82180;3
GYRO;1.307;1471040.286;-0.03943;0.02231;-0.01963;3
AHRS;1.309;1471040.286;37.6893;-3.3405;25.3078;0.32107;0.04381;0.19805;3
MAGN;1.315;1471040.300;12.43750;-1.62500;-42.37500;3
ACCE;1.317;1471040.296;0.49989;6.05762;7.82472;3
GYRO;1.317;1471040.296;-0.04149;0.01115;-0.02503;3
MAGN;1.325;1471040.310;12.31250;-1.56250;-42.56250;3
ACCE;1.327;1471040.305;0.48963;6.06503;7.83681;3
GYRO;1.327;1471040.306;-0.04259;0.00815;-0.03234;3
AHRS;1.329;1471040.305;37.6452;-3.2931;25.2778;0.32064;0.04403;0.19797;3
MAGN;1.334;1471040.320;12.25000;-1.43750;-42.37500;3
ACCE;1.337;1471040.315;0.49032;6.07914;7.84405;3
GYRO;1.337;1471040.316;-0.04627;0.00892;-0.04044;3
MAGN;1.345;1471040.330;12.31250;-1.18750;-42.50000;3
ACCE;1.347;1471040.325;0.45985;6.07033;7.82776;3
GYRO;1.347;1471040.326;-0.05000;0.01972;-0.04416;3
AHRS;1.349;1471040.325;37.5982;-3.2507;25.2292;0.32021;0.04415;0.19774;3
MAGN;1.355;1471040.340;12.25000;-1.43750;-42.25000;3
ACCE;1.357;1471040.335;0.43619;6.05023;7.88508;3
GYRO;1.358;1471040.336;-0.04583;0.03201;-0.04348;3
MAGN;1.365;1471040.350;12.12500;-1.50000;-42.12500;3
ACCE;1.367;1471040.345;0.40766;6.06559;7.92430;3
GYRO;1.367;1471040.346;-0.04039;0.04154;-0.04142;3
AHRS;1.369;1471040.345;37.5435;-3.1843;25.1630;0.31968;0.04439;0.19744;3
MAGN;1.375;1471040.360;12.43750;-1.56250;-42.12500;3
ACCE;1.376;1471040.355;0.39174;6.07209;7.95458;3
GYRO;1.377;1471040.356;-0.03215;0.05229;-0.03620;3
MAGN;1.384;1471040.369;12.50000;-1.68750;-42.25000;3
ACCE;1.386;1471040.365;0.39961;6.06117;7.96710;3
GYRO;1.387;1471040.366;-0.01717;0.06575;-0.03248;3
AHRS;1.388;1471040.365;37.4996;-3.0959;25.1018;0.31920;0.04486;0.19722;3
MAGN;1.394;1471040.379;12.25000;-1.68750;-42.12500;3
ACCE;1.397;1471040.375;0.39787;6.07479;7.94285;3
GYRO;1.397;1471040.376;-0.00733;0.07643;-0.02798;3
MAGN;1.404;1471040.389;12.18750;-1.75000;-42.31250;3
ACCE;1.406;1471040.385;0.40603;6.06321;7.88619;3
GYRO;1.407;1471040.386;-0.00099;0.07828;-0.02323;3
AHRS;1.409;1471040.385;37.4816;-2.9888;25.0584;0.31889;0.04557;0.19719;3
MAGN;1.414;1471040.399;12.37500;-1.81250;-42.18750;3
ACCE;1.425;1471040.395;0.40229;6.06039;7.86217;3
GYRO;1.428;1471040.396;-0.00016;0.07611;-0.01874;3
MAGN;1.428;1471040.409;12.31250;-1.68750;-42.37500;3
ACCE;1.430;1471040.405;0.41094;6.06437;7.85007;3
GYRO;1.431;1471040.406;-0.00480;0.06667;-0.01518;3
AHRS;1.432;1471040.405;37.4815;-2.8762;25.0265;0.31870;0.04639;0.19724;3
MAGN;1.436;1471040.419;12.50000;-1.75000;-42.50000;3
ACCE;1.437;1471040.415;0.40696;6.07320;7.84677;3
GYRO;1.456;1471040.415;-0.01189;0.05709;-0.01470;3
MAGN;1.456;1471040.429;12.43750;-1.50000;-42.68750;3
ACCE;1.456;1471040.425;0.36835;6.06338;7.85170;3
GYRO;1.456;1471040.425;-0.01848;0.04618;-0.01522;3
AHRS;1.456;1471040.425;37.4764;-2.7838;25.0058;0.31851;0.04707;0.19734;3
MAGN;1.457;1471040.439;12.50000;-1.62500;-42.62500;3
ACCE;1.457;1471040.434;0.33086;6.07128;7.85345;3
GYRO;1.457;1471040.435;-0.02267;0.03742;-0.01014;3
MAGN;1.464;1471040.449;12.50000;-1.31250;-42.62500;3
ACCE;1.466;1471040.444;0.35386;6.04406;7.87969;3
GYRO;1.466;1471040.445;-0.02569;0.03252;-0.00524;3
AHRS;1.468;1471040.444;37.4558;-2.7143;24.9842;0.31824;0.04753;0.19737;3
MAGN;1.473;1471040.459;12.37500;-1.31250;-42.43750;3
ACCE;1.475;1471040.454;0.37152;6.01214;7.92475;3
GYRO;1.476;1471040.455;-0.02429;0.02487;-0.00597;3
MAGN;1.484;1471040.469;12.56250;-1.18750;-42.50000;3
ACCE;1.486;1471040.464;0.37330;5.99328;7.93533;3
GYRO;1.486;1471040.465;-0.01885;0.01688;-0.00658;3
AHRS;1.488;1471040.464;37.4264;-2.6689;24.9765;0.31793;0.04782;0.19746;3
MAGN;1.494;1471040.479;12.56250;-1.43750;-42.50000;3
SOUN;1.496;101.07;0.00308;43.76
ACCE;1.499;1471040.474;0.39911;5.98442;7.90842;3
GYRO;1.499;1471040.475;-0.01524;0.01424;-0.00888;3
MAGN;1.503;1471040.489;12.43750;-1.37500;-42.37500;3
ACCE;1.506;1471040.484;0.39197;5.98834;7.88439;3
GYRO;1.507;1471040.485;-0.01115;0.01667;-0.01134;3
AHRS;1.508;1471040.484;37.4048;-2.6405;24.9674;0.31771;0.04799;0.19748;3
MAGN;1.513;1471040.499;12.31250;-1.50000;-42.25000;3
ACCE;1.515;1471040.494;0.38346;5.99315;7.86992;3
GYRO;1.516;1471040.495;-0.00777;0.01927;-0.01365;3
MAGN;1.524;1471040.508;12.06250;-1.56250;-42.18750;3
ACCE;1.525;1471040.504;0.39229;5.99800;7.79094;3
GYRO;1.526;1471040.505;-0.01323;0.01787;-0.01630;3
AHRS;1.528;1471040.504;37.3922;-2.6086;24.9552;0.31756;0.04819;0.19748;3
MAGN;1.533;1471040.518;12.06250;-1.81250;-42.12500;3
ACCE;1.535;1471040.514;0.39415;6.00487;7.78379;3
GYRO;1.537;1471040.515;-0.01939;0.01607;-0.01688;3
MAGN;1.543;1471040.528;12.00000;-1.43750;-42.37500;3
ACCE;1.545;1471040.524;0.40632;6.00899;7.78127;3
GYRO;1.546;1471040.525;-0.02648;0.01864;-0.02138;3
AHRS;1.547;1471040.524;37.3776;-2.5709;24.9325;0.31738;0.04840;0.19741;3
MAGN;1.553;1471040.538;11.75000;-1.75000;-42.43750;3
ACCE;1.555;1471040.534;0.36211;6.00515;7.76282;3
GYRO;1.555;1471040.535;-0.03812;0.01581;-0.02320;3
MAGN;1.563;1471040.548;12.00000;-1.75000;-42.56250;3
ACCE;1.565;1471040.544;0.36250;5.99043;7.78625;3
GYRO;1.566;1471040.545;-0.04686;0.00061;-0.02250;3
AHRS;1.568;1471040.544;37.3481;-2.5273;24.9014;0.31708;0.04861;0.19730;3
MAGN;1.573;1471040.558;11.87500;-1.68750;-42.50000;3
ACCE;1.575;1471040.554;0.36129;6.00915;7.81271;3
GYRO;1.575;1471040.554;-0.05163;-0.01140;-0.02066;3
MAGN;1.583;1471040.568;12.00000;-1.31250;-42.43750;3
ACCE;1.585;1471040.564;0.36929;6.01503;7.87447;3
GYRO;1.585;1471040.564;-0.05222;-0.01581;-0.02135;3
AHRS;1.587;1471040.564;37.2952;-2.5027;24.8676;0.31663;0.04862;0.19714;3
MAGN;1.592;1471040.578;12.12500;-1.31250;-42.62500;3
ACCE;1.595;1471040.573;0.39501;6.00317;7.89013;3
GYRO;1.596;1471040.574;-0.05014;-0.02361;-0.02314;3
MAGN;1.603;1471040.588;12.00000;-1.18750;-42.68750;3
ACCE;1.605;1471040.583;0.37758;5.98652;7.88992;3
GYRO;1.605;1471040.584;-0.04328;-0.02808;-0.02503;3
AHRS;1.607;1471040.583;37.2363;-2.4978;24.8353;0.31616;0.04846;0.19694;3
SOUN;1.608;277.22;0.00846;52.53
MAGN;1.613;1471040.598;12.06250;-1.18750;-42.50000;3
ACCE;1.614;1471040.593;0.41640;5.99254;7.85496;3
GYRO;1.615;1471040.594;-0.04081;-0.02040;-0.02712;3
MAGN;1.622;1471040.608;12.06250;-0.87500;-42.50000;3
ACCE;1.625;1471040.603;0.41593;5.98663;7.84073;3
GYRO;1.626;1471040.604;-0.03772;-0.00991;-0.02731;3
LIGH;1.626;1471040.608;1.0;3
AHRS;1.628;1471040.603;37.1852;-2.5043;24.7962;0.31577;0.04821;0.19664;3
MAGN;1.632;1471040.618;12.00000;-1.06250;-42.25000;3
ACCE;1.634;1471040.613;0.38754;5.97313;7.85186;3
GYRO;1.635;1471040.614;-0.03105;0.00452;-0.02834;3
MAGN;1.642;1471040.628;12.25000;-1.00000;-42.18750;3
ACCE;1.644;1471040.623;0.39450;5.98607;7.86385;3
GYRO;1.645;1471040.624;-0.02745;0.01185;-0.02705;3
AHRS;1.647;1471040.623;37.1452;-2.4890;24.7582;0.31544;0.04816;0.19641;3
MAGN;1.652;1471040.637;12.06250;-1.12500;-42.31250;3
ACCE;1.654;1471040.633;0.37902;6.00305;7.86664;3
GYRO;1.655;1471040.634;-0.02218;0.00925;-0.02775;3
MAGN;1.662;1471040.647;12.37500;-1.12500;-42.43750;3
ACCE;1.664;1471040.643;0.34001;6.00289;7.89787;3
GYRO;1.665;1471040.644;-0.01937;0.00625;-0.02817;3
AHRS;1.666;1471040.643;37.1148;-2.4484;24.7193;0.31514;0.04832;0.19623;3
MAGN;1.672;1471040.657;12.43750;-1.12500;-42.43750;3
ACCE;1.674;1471040.653;0.35112;6.01751;7.89599;3
GYRO;1.675;1471040.654;-0.01817;0.00161;-0.02672;3
MAGN;1.682;1471040.667;12.37500;-1.18750;-42.31250;3
ACCE;1.684;1471040.663;0.35237;6.01716;7.89877;3
GYRO;1.684;1471040.664;-0.01765;-0.00323;-0.02574;3
AHRS;1.686;1471040.663;37.0937;-2.4137;24.6792;0.31493;0.04845;0.19602;3
MAGN;1.692;1471040.677;12.43750;-1.18750;-42.37500;3
ACCE;1.694;1471040.673;0.36559;5.99816;7.88428;3
GYRO;1.694;1471040.674;-0.02543;-0.01567;-0.02742;3
MAGN;1.702;1471040.687;12.37500;-1.12500;-42.50000;3
ACCE;1.704;1471040.683;0.37679;5.98796;7.89069;3
GYRO;1.705;1471040.684;-0.03072;-0.03152;-0.02752;3
AHRS;1.706;1471040.683;37.0744;-2.3919;24.6426;0.31475;0.04849;0.19580;3
MAGN;1.712;1471040.697;12.43750;-0.87500;-42.43750;3
ACCE;1.714;1471040.693;0.38278;5.95969;7.91628;3
GYRO;1.714;1471040.693;-0.03435;-0.03896;-0.03178;3
MAGN;1.722;1471040.707;12.43750;-0.75000;-42.68750;3
ACCE;1.724;1471040.703;0.40580;5.96137;7.96588;3
GYRO;1.725;1471040.703;-0.03445;-0.03454;-0.03632;3
AHRS;1.726;1471040.703;37.0403;-2.4006;24.6029;0.31451;0.04825;0.19548;3
MAGN;1.732;1471040.717;12.25000;-0.56250;-42.68750;3
ACCE;1.733;1471040.712;0.39730;5.97581;7.99023;3
GYRO;1.734;1471040.713;-0.03183;-0.02808;-0.04023;3
MAGN;1.742;1471040.727;12.43750;-0.31250;-42.43750;3
ACCE;1.744;1471040.722;0.39961;5.92737;8.01522;3
GYRO;1.744;1471040.723;-0.02042;-0.01175;-0.04100;3
AHRS;1.746;1471040.722;37.0023;-2.4051;24.5535;0.31423;0.04801;0.19509;3
MAGN;1.751;1471040.737;12.31250;-0.18750;-42.12500;3
ACCE;1.754;1471040.732;0.40533;5.94227;7.99539;3
GYRO;1.754;1471040.733;-0.00707;0.00990;-0.04095;3
MAGN;1.762;1471040.747;12.25000;-0.37500;-42.06250;3
ACCE;1.763;1471040.742;0.41087;5.94664;7.97627;3
GYRO;1.764;1471040.743;0.00864;0.03609;-0.04318;3
AHRS;1.766;1471040.742;36.9805;-2.3799;24.4951;0.31404;0.04802;0.19470;3
MAGN;1.771;1471040.757;12.43750;-0.37500;-42.06250;3
ACCE;1.774;1471040.752;0.39187;5.94381;7.97103;3
GYRO;1.774;1471040.753;0.02587;0.05726;-0.04606;3
MAGN;1.781;1471040.767;12.62500;-0.31250;-42.06250;3
ACCE;1.783;1471040.762;0.36726;5.95754;7.91921;3
GYRO;1.784;1471040.763;0.03637;0.06795;-0.04477;3
AHRS;1.786;1471040.762;36.9922;-2.2992;24.4354;0.31402;0.04853;0.19443;3
MAGN;1.791;1471040.776;12.62500;-0.43750;-42.06250;3
ACCE;1.793;1471040.772;0.34270;5.97618;7.88736;3
GYRO;1.796;1471040.773;0.04547;0.07617;-0.04260;3
MAGN;1.801;1471040.786;12.75000;-0.75000;-42.06250;3
ACCE;1.804;1471040.782;0.30917;5.97562;7.85023;3
GYRO;1.805;1471040.783;0.05472;0.08446;-0.03777;3
AHRS;1.806;1471040.782;37.0355;-2.1816;24.3748;0.31420;0.04939;0.19423;3
MAGN;1.812;1471040.796;12.93750;-0.81250;-42.06250;3
ACCE;1.813;1471040.792;0.35861;5.96761;7.90042;3
GYRO;1.813;1471040.793;0.06117;0.09118;-0.03880;3
MAGN;1.824;1471040.806;13.06250;-0.75000;-42.12500;3
ACCE;1.825;1471040.802;0.38264;5.96573;7.90857;3
GYRO;1.828;1471040.803;0.07053;0.10233;-0.04218;3
AHRS;1.831;1471040.802;37.0995;-2.0514;24.3251;0.31451;0.05043;0.19414;3
MAGN;1.832;1471040.816;13.00000;-0.87500;-42.06250;3
ACCE;1.834;1471040.812;0.40035;5.95560;7.88706;3
GYRO;1.835;1471040.813;0.07748;0.12682;-0.04847;3
MAGN;1.842;1471040.826;12.87500;-0.93750;-42.18750;3
ACCE;1.844;1471040.822;0.40743;5.94864;7.87479;3
GYRO;1.845;1471040.822;0.08200;0.14650;-0.05751;3
AHRS;1.846;1471040.822;37.1816;-1.8972;24.2728;0.31494;0.05168;0.19408;3
MAGN;1.851;1471040.836;13.06250;-0.87500;-42.12500;3
ACCE;1.854;1471040.832;0.39503;5.96649;7.88826;3
GYRO;1.855;1471040.832;0.08856;0.17272;-0.06723;3
MAGN;1.861;1471040.846;13.25000;-0.87500;-42.06250;3
ACCE;1.863;1471040.841;0.34916;5.98370;7.87803;3
GYRO;1.863;1471040.842;0.09884;0.20230;-0.07460;3
AHRS;1.865;1471040.841;37.2773;-1.6790;24.1953;0.31538;0.05340;0.19399;3
MAGN;1.871;1471040.856;13.31250;-0.93750;-41.93750;3
ACCE;1.873;1471040.851;0.28861;5.99635;7.90674;3
GYRO;1.873;1471040.852;0.11048;0.23729;-0.07505;3
MAGN;1.880;1471040.866;13.56250;-0.87500;-41.93750;3
ACCE;1.883;1471040.861;0.23007;6.01640;7.94362;3
GYRO;1.884;1471040.862;0.12743;0.27065;-0.07330;3
AHRS;1.885;1471040.861;37.3924;-1.3818;24.0963;0.31585;0.05573;0.19392;3
MAGN;1.890;1471040.876;13.62500;-1.00000;-41.75000;3
ACCE;1.893;1471040.871;0.20225;6.04455;8.00187;3
GYRO;1.893;1471040.872;0.15066;0.29360;-0.07084;3
MAGN;1.901;1471040.886;13.62500;-1.06250;-41.56250;3
ACCE;1.902;1471040.881;0.14003;6.06281;8.04148;3
GYRO;1.903;1471040.882;0.17843;0.31069;-0.06751;3
AHRS;1.905;1471040.881;37.5400;-1.0072;23.9992;0.31646;0.05875;0.19407;3
MAGN;1.910;1471040.896;13.56250;-1.25000;-41.43750;3
ACCE;1.913;1471040.891;0.08591;6.09972;8.03593;3
GYRO;1.913;1471040.892;0.20258;0.31692;-0.06487;3
MAGN;1.920;1471040.905;13.68750;-1.37500;-41.37500;3
ACCE;1.922;1471040.901;0.00153;6.13280;8.01733;3
GYRO;1.924;1471040.902;0.22342;0.30953;-0.06062;3
AHRS;1.925;1471040.901;37.7453;-0.5912;23.9097;0.31746;0.06223;0.19437;3
MAGN;1.930;1471040.915;13.87500;-1.43750;-41.43750;3
ACCE;1.932;1471040.911;-0.03766;6.15985;7.97713;3
GYRO;1.933;1471040.912;0.22916;0.28672;-0.05524;3
SOUN;1.938;142.53;0.00435;46.75
MAGN;1.942;1471040.925;13.87500;-1.56250;-41.43750;3
ACCE;1.943;1471040.921;-0.05524;6.20799;7.92332;3
GYRO;1.944;1471040.922;0.22606;0.24876;-0.04913;3
AHRS;1.945;1471040.921;38.0014;-0.1814;23.8285;0.31887;0.06575;0.19469;3
MAGN;1.950;1471040.935;13.75000;-1.50000;-41.43750;3
ACCE;1.953;1471040.931;-0.04805;6.18752;7.85693;3
GYRO;1.953;1471040.932;0.21302;0.20750;-0.04602;3
MAGN;1.960;1471040.945;13.87500;-1.56250;-41.43750;3
ACCE;1.962;1471040.941;-0.02149;6.18042;7.78365;3
GYRO;1.963;1471040.942;0.18937;0.17476;-0.04616;3
AHRS;1.965;1471040.941;38.2603;0.1503;23.7618;0.32044;0.06868;0.19493;3
MAGN;1.970;1471040.955;13.62500;-1.62500;-41.18750;3
ACCE;1.973;1471040.951;-0.04780;6.22496;7.77179;3
GYRO;1.973;1471040.952;0.16455;0.15240;-0.05016;3
LIGH;1.974;1471040.955;0.0;3
MAGN;1.980;1471040.965;13.56250;-1.75000;-41.31250;3
ACCE;1.982;1471040.961;-0.03791;6.21860;7.80242;3
GYRO;1.983;1471040.961;0.13661;0.13011;-0.04983;3
AHRS;1.985;1471040.961;38.4768;0.3957;23.6976;0.32181;0.07085;0.19498;3
MAGN;1.990;1471040.975;13.81250;-1.93750;-41.31250;3
ACCE;1.992;1471040.971;-0.10444;6.20480;7.85377;3
GYRO;1.992;1471040.971;0.11259;0.09882;-0.04644;3
MAGN;2.000;1471040.985;13.87500;-2.00000;-41.43750;3
ACCE;2.002;1471040.980;-0.12637;6.21283;7.86851;3
GYRO;2.003;1471040.981;0.08877;0.05838;-0.03894;3
AHRS;2.004;1471040.980;38.6328;0.5940;23.6274;0.32277;0.07251;0.19488;3
MAGN;2.010;1471040.995;14.00000;-1.93750;-41.50000;3
ACCE;2.012;1471040.990;-0.10670;6.24300;7.85389;3
GYRO;2.012;1471040.991;0.06842;0.01534;-0.02986;3
MAGN;2.021;1471041.005;14.06250;-1.93750;-41.56250;3
ACCE;2.059;1471041.000;-0.11219;6.22667;7.80788;3
GYRO;2.062;1471041.001;0.05128;-0.01239;-0.02424;3
AHRS;2.065;1471041.000;38.7338;0.7000;23.5735;0.32344;0.07338;0.19469;3
MAGN;2.069;1471041.015;14.12500;-1.87500;-41.56250;3
ACCE;2.073;1471041.010;-0.09791;6.23527;7.77470;3
GYRO;2.073;1471041.011;0.03368;-0.02101;-0.02211;3
MAGN;2.073;1471041.025;14.12500;-2.00000;-41.62500;3
ACCE;2.074;1471041.020;-0.03735;6.25201;7.79656;3
GYRO;2.074;1471041.021;0.01929;-0.01557;-0.02583;3
AHRS;2.074;1471041.020;38.7920;0.7112;23.5414;0.32391;0.07348;0.19443;3
MAGN;2.074;1471041.035;14.06250;-1.93750;-41.75000;3
ACCE;2.074;1471041.030;-0.01596;6.23550;7.84636;3
GYRO;2.074;1471041.031;0.01745;0.00007;-0.03224;3
MAGN;2.075;1471041.044;14.43750;-2.00000;-42.00000;3
ACCE;2.075;1471041.040;-0.05980;6.25985;7.90106;3
GYRO;2.075;1471041.041;0.02354;0.00728;-0.03852;3
AHRS;2.075;1471041.040;38.8136;0.7198;23.5045;0.32410;0.07348;0.19415;3
MAGN;2.075;1471041.054;14.62500;-1.93750;-42.12500;3
ACCE;2.076;1471041.050;-0.07680;6.26351;7.90750;3
GYRO;2.076;1471041.051;0.03391;0.00827;-0.04520;3
MAGN;2.080;1471041.064;14.31250;-1.75000;-42.18750;3
ACCE;2.081;1471041.060;-0.09034;6.29935;7.91771;3
GYRO;2.082;1471041.061;0.04564;0.01213;-0.05238;3
AHRS;2.087;1471041.060;38.8398;0.7665;23.4489;0.32426;0.07374;0.19382;3
MAGN;2.089;1471041.074;14.56250;-1.75000;-42.18750;3
ACCE;2.092;1471041.070;-0.13951;6.32249;7.89858;3
GYRO;2.092;1471041.071;0.05843;0.01431;-0.05777;3
MAGN;2.099;1471041.084;14.43750;-1.81250;-42.18750;3
ACCE;2.101;1471041.080;-0.18799;6.34589;7.83291;3
GYRO;2.101;1471041.081;0.06690;0.01504;-0.05705;3
AHRS;2.104;1471041.080;38.8912;0.8318;23.3724;0.32462;0.07413;0.19336;3
MAGN;2.109;1471041.094;14.43750;-1.87500;-42.12500;3
ACCE;2.111;1471041.090;-0.22832;6.34921;7.79921;3
GYRO;2.112;1471041.090;0.07044;0.01688;-0.05138;3
MAGN;2.120;1471041.104;14.37500;-1.87500;-42.18750;3
ACCE;2.122;1471041.100;-0.27421;6.34255;7.70883;3
GYRO;2.122;1471041.100;0.06404;0.01454;-0.04332;3
AHRS;2.123;1471041.100;38.9667;0.9053;23.2912;0.32515;0.07462;0.19287;3
MAGN;2.128;1471041.114;14.37500;-1.68750;-41.93750;3
ACCE;2.131;1471041.109;-0.27069;6.32805;7.64736;3
GYRO;2.131;1471041.110;0.05198;0.00342;-0.03190;3
MAGN;2.139;1471041.124;14.37500;-1.68750;-41.93750;3
ACCE;2.142;1471041.119;-0.23238;6.32599;7.62177;3
GYRO;2.142;1471041.120;0.03524;-0.02267;-0.02192;3
AHRS;2.143;1471041.119;39.0391;0.9658;23.2272;0.32568;0.07504;0.19249;3
MAGN;2.148;1471041.134;14.25000;-1.43750;-41.81250;3
ACCE;2.151;1471041.129;-0.15131;6.29778;7.59915;3
GYRO;2.152;1471041.130;0.02019;-0.04472;-0.01833;3
MAGN;2.159;1471041.144;14.06250;-1.50000;-41.56250;3
SOUN;2.159;216.40;0.00660;50.38
ACCE;2.161;1471041.139;-0.06278;6.24006;7.58641;3
GYRO;2.161;1471041.140;0.00304;-0.05697;-0.01988;3
AHRS;2.164;1471041.139;39.0789;0.9632;23.1984;0.32602;0.07501;0.19223;3
MAGN;2.169;1471041.154;14.25000;-1.50000;-41.56250;3
ACCE;2.171;1471041.149;-0.00740;6.20611;7.60506;3
GYRO;2.172;1471041.150;-0.00819;-0.05760;-0.02688;3
MAGN;2.179;1471041.164;14.06250;-1.43750;-41.43750;3
ACCE;2.182;1471041.159;-0.01709;6.18547;7.63532;3
GYRO;2.183;1471041.160;-0.01161;-0.04665;-0.03344;3
AHRS;2.183;1471041.159;39.0820;0.9190;23.1705;0.32614;0.07457;0.19188;3
MAGN;2.189;1471041.174;14.06250;-1.56250;-41.43750;3
ACCE;2.190;1471041.169;-0.06820;6.22352;7.67324;3
GYRO;2.191;1471041.170;-0.01093;-0.02875;-0.03327;3
MAGN;2.198;1471041.183;14.00000;-1.50000;-41.31250;3
ACCE;2.201;1471041.179;-0.13179;6.25019;7.73975;3
GYRO;2.202;1471041.180;-0.00131;-0.00916;-0.02892;3
AHRS;2.204;1471041.179;39.0679;0.8990;23.1227;0.32609;0.07425;0.19145;3
MAGN;2.208;1471041.193;14.06250;-1.50000;-41.31250;3
ACCE;2.210;1471041.189;-0.18878;6.24988;7.76949;3
GYRO;2.211;1471041.190;0.01066;0.00372;-0.01986;3
MAGN;2.218;1471041.203;14.12500;-1.68750;-41.50000;3
ACCE;2.220;1471041.199;-0.19200;6.23007;7.74466;3
GYRO;2.221;1471041.200;0.01663;0.00597;-0.00873;3
AHRS;2.223;1471041.199;39.0658;0.9179;23.0815;0.32607;0.07429;0.19117;3
MAGN;2.228;1471041.213;13.87500;-1.81250;-41.43750;3
ACCE;2.230;1471041.209;-0.16083;6.19955;7.66664;3
GYRO;2.231;1471041.210;0.01595;0.00457;-0.00298;3
MAGN;2.238;1471041.223;13.87500;-1.93750;-41.50000;3
ACCE;2.240;1471041.219;-0.12671;6.19192;7.62158;3
GYRO;2.240;1471041.220;0.00305;-0.00906;-0.00168;3
AHRS;2.242;1471041.219;39.0846;0.9356;23.0695;0.32620;0.07442;0.19111;3
MAGN;2.248;1471041.233;13.81250;-1.93750;-41.50000;3
ACCE;2.250;1471041.229;-0.10000;6.15779;7.64574;3
GYRO;2.250;1471041.229;-0.01100;-0.03335;-0.00468;3
MAGN;2.258;1471041.243;13.68750;-1.93750;-41.50000;3
ACCE;2.260;1471041.239;-0.12227;6.13914;7.69698;3
GYRO;2.261;1471041.239;-0.02679;-0.06985;-0.00552;3
AHRS;2.262;1471041.239;39.0881;0.9294;23.0684;0.32624;0.07438;0.19108;3
MAGN;2.268;1471041.253;13.56250;-1.81250;-41.75000;3
ACCE;2.270;1471041.248;-0.12586;6.17727;7.72705;3
GYRO;2.270;1471041.249;-0.03924;-0.10845;-0.00618;3
MAGN;2.278;1471041.263;13.62500;-1.56250;-41.81250;3
ACCE;2.280;1471041.258;-0.14178;6.17063;7.76837;3
GYRO;2.280;1471041.259;-0.04677;-0.12980;-0.00693;3
AHRS;2.282;1471041.258;39.0572;0.8567;23.0622;0.32611;0.07372;0.19084;3
MAGN;2.288;1471041.273;13.56250;-1.68750;-41.81250;3
ACCE;2.290;1471041.268;-0.17354;6.18669;7.84191;3
GYRO;2.291;1471041.269;-0.04548;-0.15265;-0.00316;3
MAGN;2.298;1471041.283;13.56250;-1.68750;-41.81250;3
ACCE;2.300;1471041.278;-0.14285;6.19253;7.79807;3
GYRO;2.301;1471041.279;-0.04149;-0.16931;0.00246;3
AHRS;2.302;1471041.278;39.0033;0.7162;23.0572;0.32592;0.07249;0.19043;3
MAGN;2.307;1471041.293;13.43750;-1.68750;-41.81250;3
ACCE;2.309;1471041.288;-0.11202;6.20256;7.76591;3
GYRO;2.313;1471041.289;-0.04056;-0.17870;0.01162;3
MAGN;2.318;1471041.303;13.50000;-1.50000;-41.81250;3
ACCE;2.321;1471041.298;-0.10099;6.18156;7.71908;3
GYRO;2.321;1471041.299;-0.04189;-0.18535;0.01688;3
LIGH;2.322;1471041.303;0.0;3
AHRS;2.326;1471041.298;38.9533;0.5124;23.0632;0.32585;0.07078;0.18993;3
MAGN;2.328;1471041.312;13.31250;-1.37500;-41.68750;3
ACCE;2.329;1471041.308;-0.06669;6.18520;7.67066;3
GYRO;2.329;1471041.309;-0.04611;-0.19345;0.02253;3
MAGN;2.337;1471041.322;13.12500;-1.31250;-41.81250;3
ACCE;2.340;1471041.318;-0.06059;6.20337;7.67922;3
GYRO;2.340;1471041.319;-0.05159;-0.19804;0.02515;3
AHRS;2.343;1471041.318;38.9077;0.2979;23.0914;0.32582;0.06906;0.18957;3
MAGN;2.359;1471041.332;13.18750;-1.25000;-41.87500;3
ACCE;2.360;1471041.328;-0.04451;6.19180;7.65421;3
GYRO;2.361;1471041.329;-0.05897;-0.20094;0.02979;3
MAGN;2.362;1471041.342;13.25000;-1.43750;-41.68750;3
ACCE;2.363;1471041.338;-0.00914;6.17514;7.71712;3
GYRO;2.363;1471041.339;-0.06107;-0.19726;0.02951;3
AHRS;2.364;1471041.338;38.8486;0.0501;23.1301;0.32573;0.06708;0.18921;3
WIFI;2.364;1471031.815;Pixel_6pro;ce:85:13:6b:00:7b;-88
WIFI;2.364;1471031.815;wireless;e0:36:76:1e:5a:d9;-49
WIFI;2.364;1471031.815;MEHAR HOUSE 1;0c:45:ba:2d:a2:14;-85
WIFI;2.364;1471031.815;FAISAL;24:44:27:0c:a0:14;-69
MAGN;2.384;1471041.352;13.12500;-1.75000;-41.81250;3
ACCE;2.384;1471041.348;0.04189;6.15352;7.78549;3
GYRO;2.385;1471041.349;-0.05772;-0.18214;0.02958;3
MAGN;2.385;1471041.362;13.18750;-1.68750;-41.87500;3
ACCE;2.385;1471041.358;0.06912;6.14156;7.86267;3
GYRO;2.385;1471041.358;-0.04962;-0.16872;0.02770;3
AHRS;2.385;1471041.358;38.7785;-0.2006;23.1749;0.32555;0.06507;0.18890;3
MAGN;2.390;1471041.372;12.68750;-1.62500;-41.68750;3
ACCE;2.391;1471041.368;0.13045;6.13637;7.86707;3
GYRO;2.391;1471041.368;-0.03838;-0.15228;0.02461;3
MAGN;2.397;1471041.382;12.56250;-1.50000;-41.50000;3
ACCE;2.399;1471041.377;0.18650;6.11247;7.79973;3
GYRO;2.400;1471041.378;-0.02883;-0.12676;0.01482;3
AHRS;2.402;1471041.377;38.7213;-0.4166;23.2194;0.32542;0.06335;0.18868;3
MAGN;2.407;1471041.392;12.62500;-1.68750;-41.68750;3
ACCE;2.408;1471041.387;0.20381;6.11279;7.77125;3
GYRO;2.409;1471041.388;-0.02503;-0.10015;0.00456;3
MAGN;2.423;1471041.402;12.87500;-1.75000;-41.81250;3
ACCE;2.424;1471041.397;0.22989;6.10148;7.78420;3
GYRO;2.428;1471041.398;-0.02183;-0.07810;-0.00714;3
AHRS;2.429;1471041.397;38.6879;-0.5728;23.2424;0.32539;0.06210;0.18844;3
MAGN;2.443;1471041.412;13.18750;-1.81250;-41.81250;3
ACCE;2.443;1471041.407;0.25416;6.07368;7.75668;3
GYRO;2.443;1471041.408;-0.01527;-0.05137;-0.02201;3
MAGN;2.444;1471041.422;13.25000;-1.81250;-41.62500;3
ACCE;2.444;1471041.417;0.27782;6.08489;7.76435;3
GYRO;2.444;1471041.418;-0.00908;-0.02943;-0.03777;3
AHRS;2.445;1471041.417;38.6627;-0.6530;23.2358;0.32533;0.06140;0.18818;3
MAGN;2.447;1471041.432;13.25000;-1.75000;-41.68750;3
ACCE;2.448;1471041.427;0.23630;6.07360;7.73251;3
GYRO;2.449;1471041.428;-0.00518;-0.01183;-0.05014;3
MAGN;2.457;1471041.442;13.00000;-1.62500;-41.75000;3
ACCE;2.458;1471041.437;0.20206;6.09674;7.72638;3
GYRO;2.459;1471041.438;-0.00232;0.00403;-0.06006;3
AHRS;2.461;1471041.437;38.6527;-0.6495;23.1816;0.32527;0.06125;0.18776;3
MAGN;2.466;1471041.451;12.93750;-1.62500;-41.87500;3
ACCE;2.468;1471041.447;0.14381;6.10756;7.72572;3
GYRO;2.469;1471041.448;-0.00803;0.01555;-0.06196;3
MAGN;2.476;1471041.461;13.18750;-1.56250;-42.06250;3
ACCE;2.478;1471041.457;0.05314;6.13827;7.71997;3
GYRO;2.479;1471041.458;-0.01063;0.02902;-0.06028;3
AHRS;2.483;1471041.457;38.6505;-0.5873;23.0977;0.32519;0.06151;0.18726;3
MAGN;2.486;1471041.471;13.25000;-1.43750;-42.25000;3
ACCE;2.488;1471041.467;-0.00134;6.16339;7.71083;3
GYRO;2.489;1471041.468;-0.01731;0.03995;-0.05206;3
SOUN;2.489;181.16;0.00553;48.83
MAGN;2.497;1471041.481;13.31250;-1.43750;-42.06250;3
ACCE;2.498;1471041.477;-0.00654;6.18216;7.69964;3
GYRO;2.500;1471041.478;-0.02498;0.03871;-0.04602;3
AHRS;2.501;1471041.477;38.6390;-0.4962;23.0106;0.32500;0.06198;0.18682;3
MAGN;2.506;1471041.491;13.12500;-1.43750;-42.00000;3
ACCE;2.508;1471041.487;-0.00576;6.18183;7.70521;3
GYRO;2.509;1471041.488;-0.03110;0.04484;-0.04054;3
MAGN;2.516;1471041.501;13.37500;-1.37500;-42.12500;3
ACCE;2.520;1471041.497;-0.01776;6.16605;7.69402;3
GYRO;2.522;1471041.497;-0.03670;0.04267;-0.03723;3
AHRS;2.522;1471041.497;38.6106;-0.4070;22.9442;0.32466;0.06247;0.18655;3
MAGN;2.526;1471041.511;13.37500;-1.37500;-42.12500;3
ACCE;2.528;1471041.507;0.01947;6.16643;7.74270;3
GYRO;2.528;1471041.507;-0.04131;0.03412;-0.03405;3
MAGN;2.536;1471041.521;13.43750;-1.31250;-42.12500;3
ACCE;2.538;1471041.516;-0.00277;6.17273;7.77872;3
GYRO;2.539;1471041.517;-0.04201;0.02014;-0.03168;3
AHRS;2.541;1471041.516;38.5687;-0.3213;22.8907;0.32421;0.06294;0.18639;3
MAGN;2.546;1471041.531;13.56250;-1.31250;-42.06250;3
ACCE;2.549;1471041.526;-0.02501;6.15500;7.81653;3
GYRO;2.549;1471041.527;-0.03674;0.01232;-0.02871;3
MAGN;2.556;1471041.541;13.56250;-1.12500;-41.93750;3
ACCE;2.559;1471041.536;-0.01776;6.13824;7.89176;3
GYRO;2.560;1471041.537;-0.03435;0.00529;-0.02909;3
AHRS;2.562;1471041.536;38.5206;-0.2665;22.8453;0.32376;0.06318;0.18621;3
MAGN;2.566;1471041.551;13.56250;-1.43750;-41.93750;3
ACCE;2.568;1471041.546;-0.00237;6.16976;7.93126;3
GYRO;2.570;1471041.547;-0.02480;0.00201;-0.03126;3
MAGN;2.576;1471041.561;13.37500;-1.75000;-42.06250;3
ACCE;2.578;1471041.556;-0.00109;6.15084;7.93947;3
GYRO;2.579;1471041.557;-0.01196;0.00105;-0.03334;3
AHRS;2.580;1471041.556;38.4812;-0.2313;22.8067;0.32341;0.06329;0.18602;3
MAGN;2.586;1471041.571;13.18750;-1.68750;-42.00000;3
ACCE;2.588;1471041.566;-0.03004;6.15614;7.91215;3
GYRO;2.589;1471041.567;-0.00510;0.00019;-0.03079;3
MAGN;2.595;1471041.580;13.12500;-1.56250;-41.93750;3
ACCE;2.597;1471041.576;-0.03237;6.15703;7.87925;3
GYRO;2.598;1471041.577;-0.00258;-0.00176;-0.02410;3
SOUN;2.600;140.60;0.00429;46.63
AHRS;2.601;1471041.576;38.4676;-0.1971;22.7592;0.32327;0.06341;0.18574;3
MAGN;2.605;1471041.590;12.93750;-1.56250;-41.81250;3
ACCE;2.608;1471041.586;-0.01525;6.15996;7.88347;3
GYRO;2.608;1471041.587;0.00068;-0.00232;-0.01803;3
MAGN;2.618;1471041.600;12.87500;-1.50000;-42.00000;3
ACCE;2.619;1471041.596;-0.02798;6.15976;7.90199;3
GYRO;2.620;1471041.597;0.00148;-0.00400;-0.01417;3
AHRS;2.621;1471041.596;38.4646;-0.1746;22.7252;0.32323;0.06349;0.18553;3
MAGN;2.625;1471041.610;12.68750;-1.37500;-41.93750;3
ACCE;2.627;1471041.606;-0.03165;6.16947;7.92928;3
GYRO;2.628;1471041.607;0.00478;-0.01005;-0.01307;3
MAGN;2.635;1471041.620;12.56250;-1.25000;-41.81250;3
ACCE;2.638;1471041.616;-0.05205;6.15667;7.94395;3
GYRO;2.639;1471041.617;0.01049;-0.01827;-0.01093;3
AHRS;2.640;1471041.616;38.4662;-0.1637;22.7058;0.32323;0.06352;0.18540;3
MAGN;2.645;1471041.630;12.56250;-1.25000;-41.93750;3
ACCE;2.647;1471041.626;-0.04295;6.16394;7.90942;3
GYRO;2.647;1471041.627;0.01370;-0.02450;-0.00845;3
MAGN;2.655;1471041.640;12.43750;-1.00000;-41.87500;3
ACCE;2.659;1471041.636;-0.01896;6.19463;7.87496;3
GYRO;2.659;1471041.636;0.01286;-0.03215;-0.00808;3
AHRS;2.659;1471041.636;38.4781;-0.1721;22.6911;0.32335;0.06343;0.18525;3
MAGN;2.665;1471041.650;12.62500;-0.81250;-41.93750;3
ACCE;2.667;1471041.646;-0.00276;6.17150;7.82283;3
GYRO;2.668;1471041.646;0.01094;-0.03943;-0.01007;3
LIGH;2.670;1471041.650;0.0;3
MAGN;2.674;1471041.660;12.87500;-0.81250;-41.87500;3
ACCE;2.677;1471041.655;0.02582;6.16697;7.80203;3
GYRO;2.678;1471041.656;0.01442;-0.04124;-0.00909;3
AHRS;2.680;1471041.655;38.4927;-0.1990;22.6807;0.32352;0.06321;0.18508;3
MAGN;2.685;1471041.670;12.93750;-1.00000;-41.93750;3
ACCE;2.687;1471041.665;0.01377;6.13183;7.76149;3
GYRO;2.687;1471041.666;0.01374;-0.04620;-0.00967;3
MAGN;2.695;1471041.680;12.75000;-0.93750;-42.06250;3
ACCE;2.697;1471041.675;0.00899;6.12149;7.69137;3
GYRO;2.698;1471041.676;0.01473;-0.03550;-0.00845;3
AHRS;2.700;1471041.675;38.5091;-0.2355;22.6716;0.32371;0.06292;0.18490;3
MAGN;2.705;1471041.690;12.62500;-1.31250;-41.93750;3
ACCE;2.707;1471041.685;0.02914;6.11728;7.67033;3
GYRO;2.708;1471041.686;0.01593;-0.02218;-0.00862;3
MAGN;2.715;1471041.700;13.00000;-1.37500;-41.93750;3
ACCE;2.717;1471041.695;0.02997;6.10734;7.68632;3
GYRO;2.717;1471041.696;0.01710;-0.01791;-0.00599;3
AHRS;2.719;1471041.695;38.5259;-0.2659;22.6606;0.32390;0.06267;0.18472;3
MAGN;2.725;1471041.710;12.93750;-1.43750;-42.06250;3
ACCE;2.726;1471041.705;0.01962;6.09936;7.69614;3
GYRO;2.727;1471041.706;0.01780;-0.01868;-0.00162;3
MAGN;2.734;1471041.719;12.93750;-1.50000;-42.00000;3
ACCE;2.736;1471041.715;0.00733;6.11074;7.70770;3
GYRO;2.738;1471041.716;0.01300;-0.02327;0.00417;3
AHRS;2.740;1471041.715;38.5454;-0.2785;22.6532;0.32409;0.06258;0.18461;3
MAGN;2.744;1471041.729;13.06250;-1.62500;-41.93750;3
ACCE;2.746;1471041.725;-0.01113;6.12760;7.69527;3
GYRO;2.747;1471041.726;0.00574;-0.02951;0.00845;3
MAGN;2.754;1471041.739;13.00000;-1.68750;-41.93750;3
ACCE;2.756;1471041.735;0.01618;6.13661;7.67250;3
GYRO;2.757;1471041.736;-0.00134;-0.02908;0.01360;3
AHRS;2.759;1471041.735;38.5602;-0.3063;22.6607;0.32425;0.06240;0.18458;3
MAGN;2.764;1471041.749;12.93750;-1.68750;-41.93750;3
ACCE;2.766;1471041.745;0.05698;6.11836;7.72852;3
GYRO;2.768;1471041.746;-0.00822;-0.02548;0.01555;3
MAGN;2.774;1471041.759;12.87500;-1.56250;-41.93750;3
ACCE;2.777;1471041.755;0.07094;6.10848;7.74301;3
GYRO;2.777;1471041.756;-0.01014;-0.02667;0.01607;3
AHRS;2.779;1471041.755;38.5584;-0.3494;22.6819;0.32429;0.06211;0.18463;3
MAGN;2.784;1471041.769;12.87500;-1.56250;-41.81250;3
ACCE;2.786;1471041.765;0.05319;6.12622;7.74665;3
GYRO;2.787;1471041.765;-0.01148;-0.03320;0.01494;3
MAGN;2.794;1471041.779;12.81250;-1.37500;-41.93750;3
ACCE;2.796;1471041.775;0.04912;6.14651;7.72853;3
GYRO;2.797;1471041.775;-0.00937;-0.03018;0.01501;3
AHRS;2.798;1471041.775;38.5465;-0.3921;22.7067;0.32425;0.06181;0.18472;3
MAGN;2.804;1471041.789;12.81250;-1.43750;-42.00000;3
ACCE;2.806;1471041.784;0.03235;6.14785;7.69875;3
GYRO;2.806;1471041.785;-0.00986;-0.01304;0.01714;3
MAGN;2.814;1471041.799;13.00000;-1.50000;-41.75000;3
ACCE;2.816;1471041.794;0.03990;6.16554;7.71245;3
GYRO;2.817;1471041.795;-0.01026;0.00391;0.01454;3
AHRS;2.819;1471041.794;38.5356;-0.4376;22.7298;0.32422;0.06149;0.18478;3
MAGN;2.824;1471041.809;13.06250;-1.68750;-41.81250;3
ACCE;2.826;1471041.804;0.02333;6.14638;7.74111;3
GYRO;2.829;1471041.805;-0.01555;0.01112;0.01274;3
MAGN;2.833;1471041.819;13.00000;-1.62500;-41.93750;3
ACCE;2.836;1471041.814;0.00211;6.16375;7.75098;3
GYRO;2.836;1471041.815;-0.01642;0.02075;0.01080;3
AHRS;2.838;1471041.814;38.5235;-0.4437;22.7522;0.32412;0.06148;0.18495;3
MAGN;2.844;1471041.829;13.06250;-1.50000;-42.06250;3
ACCE;2.846;1471041.824;0.00095;6.16221;7.75041;3
GYRO;2.847;1471041.825;-0.02154;0.01785;0.01100;3
MAGN;2.854;1471041.839;13.12500;-1.43750;-42.12500;3
ACCE;2.856;1471041.834;-0.03293;6.14513;7.72253;3
GYRO;2.857;1471041.835;-0.02894;0.01253;0.01419;3
AHRS;2.858;1471041.834;38.5046;-0.4270;22.7692;0.32393;0.06164;0.18515;3
MAGN;2.864;1471041.848;13.25000;-1.50000;-42.25000;3
ACCE;2.866;1471041.844;-0.01893;6.15306;7.73801;3
GYRO;2.866;1471041.845;-0.03461;0.01119;0.01981;3
MAGN;2.873;1471041.858;13.31250;-1.56250;-42.37500;3
ACCE;2.876;1471041.854;0.00911;6.13159;7.77279;3
GYRO;2.877;1471041.855;-0.03908;0.01131;0.02037;3
AHRS;2.878;1471041.854;38.4711;-0.4227;22.7908;0.32364;0.06168;0.18536;3
MAGN;2.891;1471041.868;13.50000;-1.56250;-42.18750;3
ACCE;2.892;1471041.864;0.02961;6.14091;7.78642;3
GYRO;2.893;1471041.865;-0.03782;0.00796;0.02145;3
MAGN;2.893;1471041.878;13.25000;-1.62500;-42.37500;3
ACCE;2.895;1471041.874;0.00650;6.12807;7.79197;3
GYRO;2.896;1471041.875;-0.03327;0.00489;0.02204;3
AHRS;2.898;1471041.874;38.4260;-0.4255;22.8214;0.32327;0.06167;0.18562;3
MAGN;2.903;1471041.888;13.25000;-1.75000;-42.68750;3
ACCE;2.905;1471041.884;0.01425;6.13919;7.80247;3
GYRO;2.906;1471041.885;-0.03126;0.00244;0.02496;3
MAGN;2.913;1471041.898;13.37500;-1.50000;-42.62500;3
ACCE;2.915;1471041.894;0.03755;6.16331;7.81416;3
GYRO;2.916;1471041.895;-0.02150;0.00113;0.02566;3
AHRS;2.917;1471041.894;38.3876;-0.4371;22.8547;0.32296;0.06160;0.18588;3
MAGN;2.923;1471041.908;13.43750;-1.50000;-42.50000;3
ACCE;2.925;1471041.904;0.01815;6.15931;7.82182;3
GYRO;2.926;1471041.904;-0.01431;0.00038;0.03046;3
SOUN;2.931;158.68;0.00484;47.68
MAGN;2.935;1471041.918;13.37500;-1.62500;-42.43750;3
ACCE;2.936;1471041.914;0.03704;6.15502;7.87112;3
GYRO;2.936;1471041.914;-0.00768;-0.00398;0.03363;3
AHRS;2.937;1471041.914;38.3625;-0.4563;22.8932;0.32277;0.06152;0.18615;3
MAGN;2.943;1471041.928;13.31250;-1.62500;-42.50000;3
ACCE;2.945;1471041.923;0.05114;6.15552;7.89442;3
GYRO;2.945;1471041.924;0.00178;-0.01189;0.03560;3
MAGN;2.953;1471041.938;13.31250;-1.68750;-42.43750;3
ACCE;2.955;1471041.933;0.05274;6.16869;7.86337;3
GYRO;2.956;1471041.934;0.00553;-0.01852;0.03646;3
AHRS;2.957;1471041.933;38.3533;-0.4887;22.9435;0.32272;0.06138;0.18647;3
MAGN;2.964;1471041.948;13.18750;-1.81250;-42.37500;3
ACCE;2.965;1471041.943;0.06240;6.16584;7.80668;3
GYRO;2.966;1471041.944;0.00466;-0.01979;0.03897;3
MAGN;2.973;1471041.958;13.12500;-1.81250;-42.50000;3
ACCE;2.975;1471041.953;0.03497;6.16929;7.75766;3
GYRO;2.976;1471041.954;0.00290;-0.02016;0.04245;3
AHRS;2.977;1471041.953;38.3590;-0.5403;22.9980;0.32282;0.06113;0.18677;3
MAGN;2.983;1471041.968;13.18750;-1.75000;-42.31250;3
ACCE;2.985;1471041.963;0.06456;6.15447;7.74255;3
GYRO;2.985;1471041.964;-0.00733;-0.01367;0.04501;3
MAGN;2.992;1471041.978;13.18750;-1.37500;-42.31250;3
ACCE;2.995;1471041.973;0.10409;6.17187;7.79432;3
GYRO;2.995;1471041.974;-0.01257;-0.01662;0.04568;3
AHRS;2.997;1471041.973;38.3616;-0.5994;23.0614;0.32290;0.06083;0.18711;3
MAGN;3.003;1471041.987;13.06250;-1.31250;-42.37500;3
ACCE;3.004;1471041.983;0.10615;6.13524;7.81806;3
GYRO;3.005;1471041.984;-0.01770;-0.02157;0.04646;3
MAGN;3.012;1471041.997;13.18750;-1.43750;-42.50000;3
ACCE;3.015;1471041.993;0.09319;6.14699;7.81820;3
GYRO;3.016;1471041.994;-0.02342;-0.02220;0.04815;3
LIGH;3.016;1471041.997;0.0;3
AHRS;3.019;1471041.993;38.3458;-0.6599;23.1325;0.32284;0.06052;0.18752;3
MAGN;3.024;1471042.007;13.18750;-1.25000;-42.43750;3
ACCE;3.025;1471042.003;0.08584;6.16077;7.85000;3
GYRO;3.026;1471042.004;-0.02187;-0.02114;0.04924;3
MAGN;3.033;1471042.017;12.93750;-1.25000;-42.43750;3
ACCE;3.034;1471042.013;0.07613;6.15659;7.86644;3
GYRO;3.035;1471042.014;-0.02304;-0.02459;0.05238;3
AHRS;3.037;1471042.013;38.3194;-0.7227;23.2002;0.32269;0.06016;0.18791;3
MAGN;3.042;1471042.027;12.93750;-1.18750;-42.56250;3
ACCE;3.045;1471042.023;0.08245;6.15434;7.90353;3
GYRO;3.045;1471042.024;-0.01531;-0.02761;0.05655;3
MAGN;3.052;1471042.037;12.93750;-1.12500;-42.37500;3
ACCE;3.054;1471042.033;0.08978;6.13056;7.87392;3
GYRO;3.055;1471042.033;-0.01131;-0.03107;0.05918;3
AHRS;3.057;1471042.033;38.2921;-0.7953;23.2775;0.32255;0.05974;0.18835;3
MAGN;3.063;1471042.047;13.00000;-0.93750;-42.31250;3
ACCE;3.065;1471042.043;0.13434;6.10971;7.86050;3
GYRO;3.065;1471042.043;-0.00883;-0.03011;0.06037;3
MAGN;3.072;1471042.057;12.87500;-1.00000;-42.18750;3
ACCE;3.074;1471042.052;0.15705;6.10405;7.85591;3
GYRO;3.075;1471042.053;-0.00611;-0.03121;0.05840;3
AHRS;3.076;1471042.052;38.2780;-0.8818;23.3649;0.32253;0.05927;0.18882;3
MAGN;3.082;1471042.067;12.81250;-1.00000;-42.00000;3
ACCE;3.084;1471042.062;0.14173;6.11213;7.86998;3
GYRO;3.087;1471042.063;-0.00012;-0.03124;0.05733;3
MAGN;3.092;1471042.077;13.00000;-1.31250;-42.12500;3
ACCE;3.094;1471042.072;0.16091;6.11154;7.86768;3
GYRO;3.094;1471042.073;0.00269;-0.03260;0.05143;3
AHRS;3.096;1471042.072;38.2698;-0.9676;23.4514;0.32256;0.05880;0.18928;3
MAGN;3.103;1471042.087;12.87500;-1.25000;-42.18750;3
ACCE;3.106;1471042.082;0.15741;6.10493;7.84674;3
GYRO;3.106;1471042.083;0.00515;-0.02786;0.05060;3
MAGN;3.112;1471042.097;13.00000;-1.37500;-42.18750;3
ACCE;3.113;1471042.092;0.15516;6.10104;7.81047;3
GYRO;3.114;1471042.093;0.00679;-0.02525;0.05061;3
AHRS;3.116;1471042.092;38.2716;-1.0489;23.5277;0.32267;0.05836;0.18967;3
MAGN;3.122;1471042.107;13.12500;-1.37500;-42.12500;3
ACCE;3.123;1471042.102;0.16348;6.11539;7.78133;3
GYRO;3.125;1471042.103;0.00522;-0.02428;0.04725;3
MAGN;3.131;1471042.117;13.06250;-1.50000;-42.00000;3
ACCE;3.133;1471042.112;0.18633;6.12442;7.76828;3
GYRO;3.134;1471042.113;0.00051;-0.02194;0.04348;3
AHRS;3.136;1471042.112;38.2782;-1.1209;23.6030;0.32281;0.05801;0.19007;3
MAGN;3.142;1471042.126;13.25000;-1.37500;-42.18750;3
ACCE;3.144;1471042.122;0.17621;6.11862;7.76150;3
GYRO;3.146;1471042.123;-0.00593;-0.02238;0.04166;3
MAGN;3.151;1471042.136;13.25000;-1.50000;-42.18750;3
SOUN;3.152;313.47;0.00957;53.59
ACCE;3.153;1471042.132;0.15064;6.11811;7.78076;3
GYRO;3.154;1471042.133;-0.00958;-0.02499;0.04220;3
AHRS;3.156;1471042.132;38.2775;-1.1828;23.6677;0.32287;0.05769;0.19042;3
MAGN;3.161;1471042.146;13.18750;-1.31250;-42.31250;3
ACCE;3.164;1471042.142;0.17422;6.14322;7.79979;3
GYRO;3.165;1471042.143;-0.01274;-0.02293;0.04060;3
MAGN;3.171;1471042.156;13.12500;-1.56250;-42.18750;3
ACCE;3.173;1471042.152;0.19091;6.13733;7.83174;3
GYRO;3.174;1471042.153;-0.01185;-0.01592;0.03594;3
AHRS;3.176;1471042.152;38.2654;-1.2468;23.7303;0.32285;0.05733;0.19075;3
MAGN;3.181;1471042.166;13.06250;-1.43750;-42.00000;3
ACCE;3.184;1471042.162;0.16862;6.13150;7.84862;3
GYRO;3.184;1471042.163;-0.01358;-0.01019;0.03611;3
MAGN;3.192;1471042.176;13.31250;-1.50000;-42.00000;3
ACCE;3.194;1471042.172;0.18026;6.12670;7.83548;3
GYRO;3.195;1471042.172;-0.01059;-0.00332;0.03330;3
AHRS;3.195;1471042.172;38.2507;-1.2946;23.7836;0.32278;0.05706;0.19106;3
MAGN;3.201;1471042.186;13.00000;-1.43750;-41.93750;3
ACCE;3.204;1471042.182;0.17581;6.12976;7.83283;3
GYRO;3.204;1471042.182;-0.00531;0.00581;0.03442;3
MAGN;3.211;1471042.196;12.93750;-1.37500;-41.81250;3
ACCE;3.213;1471042.191;0.17963;6.13732;7.85754;3
GYRO;3.213;1471042.192;-0.00283;0.00597;0.03457;3
AHRS;3.215;1471042.191;38.2376;-1.3255;23.8329;0.32271;0.05693;0.19138;3
MAGN;3.221;1471042.206;13.06250;-1.31250;-42.00000;3
ACCE;3.223;1471042.201;0.17861;6.13784;7.84850;3
GYRO;3.224;1471042.202;-0.00330;-0.00628;0.03355;3
MAGN;3.231;1471042.216;13.12500;-1.50000;-41.87500;3
ACCE;3.233;1471042.211;0.17456;6.13603;7.83138;3
GYRO;3.233;1471042.212;0.00250;-0.01499;0.03595;3
AHRS;3.235;1471042.211;38.2331;-1.3473;23.8846;0.32268;0.05689;0.19173;3
MAGN;3.241;1471042.226;13.00000;-1.50000;-42.18750;3
ACCE;3.243;1471042.221;0.19186;6.14240;7.79495;3
GYRO;3.243;1471042.222;0.00206;-0.02182;0.03784;3
MAGN;3.251;1471042.236;12.87500;-1.62500;-42.18750;3
ACCE;3.252;1471042.231;0.25242;6.12538;7.77099;3
GYRO;3.253;1471042.232;-0.00115;-0.02962;0.03763;3
AHRS;3.255;1471042.231;38.2349;-1.3943;23.9411;0.32274;0.05668;0.19206;3
MAGN;3.261;1471042.246;12.93750;-1.68750;-42.31250;3
ACCE;3.263;1471042.241;0.23675;6.11409;7.81237;3
GYRO;3.264;1471042.242;-0.00068;-0.03622;0.03758;3
MAGN;3.270;1471042.255;12.87500;-1.81250;-42.31250;3
ACCE;3.272;1471042.251;0.24883;6.14185;7.84298;3
GYRO;3.273;1471042.252;-0.00017;-0.03629;0.03691;3
AHRS;3.275;1471042.251;38.2323;-1.4594;23.9971;0.32281;0.05630;0.19233;3
MAGN;3.280;1471042.265;12.56250;-1.87500;-42.12500;3
ACCE;3.282;1471042.261;0.25242;6.13149;7.86902;3
GYRO;3.283;1471042.262;0.00586;-0.02334;0.03405;3
MAGN;3.290;1471042.275;12.68750;-1.87500;-42.06250;3
ACCE;3.292;1471042.271;0.25566;6.15294;7.88975;3
GYRO;3.293;1471042.272;0.00600;-0.01272;0.03215;3
AHRS;3.295;1471042.271;38.2308;-1.5316;24.0521;0.32289;0.05587;0.19257;3
MAGN;3.300;1471042.285;12.62500;-1.93750;-42.18750;3
ACCE;3.302;1471042.281;0.24289;6.14605;7.86837;3
GYRO;3.304;1471042.282;0.01436;-0.00731;0.03124;3
MAGN;3.310;1471042.295;12.62500;-2.00000;-42.00000;3
ACCE;3.312;1471042.291;0.23841;6.14320;7.84842;3
GYRO;3.313;1471042.292;0.01361;-0.00602;0.03327;3
AHRS;3.315;1471042.291;38.2365;-1.5726;24.1005;0.32298;0.05569;0.19284;3
MAGN;3.320;1471042.305;12.56250;-1.93750;-41.93750;3
ACCE;3.322;1471042.301;0.26055;6.14332;7.81212;3
GYRO;3.323;1471042.301;0.01412;-0.00288;0.03417;3
MAGN;3.330;1471042.315;12.56250;-2.06250;-41.81250;3
ACCE;3.332;1471042.311;0.26443;6.10393;7.79158;3
GYRO;3.333;1471042.311;0.01271;-0.00391;0.03653;3
AHRS;3.335;1471042.311;38.2509;-1.6072;24.1507;0.32313;0.05558;0.19314;3
MAGN;3.340;1471042.325;12.75000;-2.06250;-41.62500;3
ACCE;3.342;1471042.320;0.27393;6.09910;7.80138;3
GYRO;3.346;1471042.321;0.00562;-0.01176;0.03470;3
MAGN;3.350;1471042.335;12.68750;-1.87500;-41.56250;3
ACCE;3.352;1471042.330;0.30109;6.09622;7.81845;3
GYRO;3.352;1471042.331;0.00489;-0.01911;0.02861;3
AHRS;3.354;1471042.330;38.2640;-1.6423;24.2057;0.32327;0.05547;0.19347;3
MAGN;3.360;1471042.345;12.62500;-2.00000;-41.75000;3
ACCE;3.369;1471042.340;0.28472;6.10497;7.80744;3
GYRO;3.370;1471042.341;0.00225;-0.03129;0.02724;3
LIGH;3.371;1471042.345;1.0;3
MAGN;3.373;1471042.355;12.81250;-1.93750;-41.81250;3
ACCE;3.375;1471042.350;0.25630;6.14289;7.78788;3
GYRO;3.376;1471042.351;0.00152;-0.03759;0.02285;3
AHRS;3.377;1471042.350;38.2685;-1.6875;24.2488;0.32336;0.05524;0.19369;3
MAGN;3.384;1471042.365;12.81250;-1.75000;-41.93750;3
ACCE;3.384;1471042.360;0.25108;6.15086;7.78600;3
GYRO;3.386;1471042.361;-0.00040;-0.03999;0.02285;3
MAGN;3.390;1471042.375;13.00000;-1.93750;-41.93750;3
ACCE;3.391;1471042.370;0.25291;6.15736;7.81314;3
GYRO;3.392;1471042.371;-0.00140;-0.03505;0.02304;3
AHRS;3.394;1471042.370;38.2694;-1.7486;24.2836;0.32345;0.05484;0.19380;3
MAGN;3.403;1471042.385;13.12500;-1.81250;-41.93750;3
ACCE;3.406;1471042.380;0.26776;6.16687;7.80177;3
GYRO;3.409;1471042.381;0.00002;-0.02976;0.02440;3
MAGN;3.410;1471042.394;13.06250;-1.62500;-42.06250;3
ACCE;3.412;1471042.390;0.26941;6.15990;7.76410;3
GYRO;3.412;1471042.391;-0.00213;-0.02400;0.02531;3
AHRS;3.414;1471042.390;38.2667;-1.8069;24.3182;0.32351;0.05447;0.19391;3
MAGN;3.419;1471042.404;12.93750;-1.56250;-42.18750;3
ACCE;3.424;1471042.400;0.23451;6.09796;7.69726;3
GYRO;3.425;1471042.401;-0.01220;-0.04529;0.02813;3
MAGN;3.439;1471042.414;12.75000;-1.68750;-42.12500;3
ACCE;3.440;1471042.410;0.32005;6.08715;7.70555;3
GYRO;3.440;1471042.411;-0.02428;-0.05248;0.02800;3
AHRS;3.440;1471042.410;38.2632;-1.8545;24.3562;0.32355;0.05418;0.19409;3
MAGN;3.440;1471042.424;12.68750;-1.62500;-42.25000;3
ACCE;3.441;1471042.420;0.34711;6.10167;7.77590;3
GYRO;3.442;1471042.421;-0.02443;-0.04119;0.01707;3
MAGN;3.449;1471042.434;12.50000;-1.43750;-42.00000;3
ACCE;3.451;1471042.430;0.26460;6.11186;7.83472;3
GYRO;3.451;1471042.431;-0.02161;-0.03651;0.01536;3
AHRS;3.453;1471042.430;38.2341;-1.9365;24.3970;0.32343;0.05359;0.19421;3
MAGN;3.459;1471042.444;12.56250;-1.50000;-42.00000;3
ACCE;3.461;1471042.440;0.21831;6.11716;7.90039;3
GYRO;3.462;1471042.440;-0.01286;-0.03264;0.02142;3
MAGN;3.469;1471042.454;12.43750;-1.62500;-41.87500;3
ACCE;3.471;1471042.450;0.27009;6.14281;7.94234;3
GYRO;3.472;1471042.450;0.00101;-0.02901;0.02562;3
AHRS;3.474;1471042.450;38.2086;-1.9887;24.4194;0.32331;0.05318;0.19426;3
MAGN;3.479;1471042.464;12.50000;-1.50000;-41.93750;3
ACCE;3.480;1471042.459;0.29072;6.12630;7.93702;3
GYRO;3.481;1471042.460;0.01257;-0.02436;0.02344;3
SOUN;3.482;501.18;0.01530;57.67
MAGN;3.489;1471042.474;12.37500;-1.56250;-42.06250;3
ACCE;3.491;1471042.469;0.30863;6.12083;7.91572;3
GYRO;3.492;1471042.470;0.02059;-0.02157;0.02258;3
AHRS;3.493;1471042.469;38.2086;-2.0424;24.4580;0.32338;0.05286;0.19442;3
MAGN;3.498;1471042.484;12.31250;-1.87500;-42.00000;3
ACCE;3.501;1471042.479;0.32691;6.09952;7.85294;3
GYRO;3.501;1471042.480;0.02187;-0.01653;0.02162;3
MAGN;3.509;1471042.494;12.50000;-1.81250;-41.87500;3
ACCE;3.511;1471042.489;0.35183;6.12333;7.80623;3
GYRO;3.511;1471042.490;0.01700;-0.01049;0.01984;3
AHRS;3.513;1471042.489;38.2311;-2.0854;24.4931;0.32362;0.05265;0.19457;3
MAGN;3.518;1471042.504;12.50000;-1.81250;-41.93750;3
ACCE;3.520;1471042.499;0.33973;6.12140;7.78152;3
GYRO;3.521;1471042.500;0.01185;0.00017;0.01803;3
MAGN;3.528;1471042.514;12.68750;-1.81250;-41.93750;3
ACCE;3.530;1471042.509;0.33701;6.13587;7.76306;3
GYRO;3.531;1471042.510;0.00140;-0.00112;0.01866;3
AHRS;3.533;1471042.509;38.2497;-2.1132;24.5242;0.32380;0.05255;0.19472;3
MAGN;3.539;1471042.523;12.87500;-1.81250;-42.06250;3
ACCE;3.542;1471042.519;0.32833;6.13101;7.78541;3
GYRO;3.542;1471042.520;-0.00492;0.00550;0.01798;3
MAGN;3.548;1471042.533;13.00000;-1.81250;-42.00000;3
ACCE;3.550;1471042.529;0.33674;6.13699;7.84029;3
GYRO;3.551;1471042.530;-0.00384;0.01323;0.01447;3
AHRS;3.553;1471042.529;38.2502;-2.1286;24.5526;0.32382;0.05250;0.19491;3
MAGN;3.558;1471042.543;13.06250;-1.81250;-42.00000;3
ACCE;3.560;1471042.539;0.31464;6.13026;7.88329;3
GYRO;3.561;1471042.540;-0.00433;0.00674;0.01393;3
MAGN;3.568;1471042.553;12.93750;-1.75000;-42.00000;3
ACCE;3.570;1471042.549;0.30269;6.11185;7.87922;3
GYRO;3.571;1471042.550;0.00414;0.00920;0.01038;3
AHRS;3.573;1471042.549;38.2450;-2.1238;24.5747;0.32376;0.05260;0.19511;3
MAGN;3.578;1471042.563;12.81250;-1.75000;-41.81250;3
ACCE;3.580;1471042.559;0.29645;6.11897;7.84092;3
GYRO;3.581;1471042.560;0.00698;0.01550;0.00831;3
MAGN;3.588;1471042.573;12.93750;-1.62500;-41.75000;3
ACCE;3.590;1471042.569;0.29932;6.10634;7.79692;3
GYRO;3.590;1471042.570;0.00951;0.02791;0.00944;3
AHRS;3.593;1471042.569;38.2493;-2.1202;24.5913;0.32378;0.05268;0.19525;3
SOUN;3.594;230.92;0.00705;50.94
MAGN;3.598;1471042.583;13.18750;-1.62500;-41.68750;3
ACCE;3.600;1471042.579;0.29694;6.11069;7.76442;3
GYRO;3.604;1471042.579;0.01042;0.03124;0.00869;3
MAGN;3.608;1471042.593;13.37500;-1.62500;-41.68750;3
ACCE;3.610;1471042.589;0.29053;6.10612;7.75763;3
GYRO;3.611;1471042.589;0.01304;0.03810;0.00850;3
AHRS;3.612;1471042.589;38.2596;-2.0943;24.6067;0.32381;0.05295;0.19544;3
MAGN;3.618;1471042.603;13.31250;-1.56250;-41.81250;3
ACCE;3.625;1471042.598;0.28533;6.13589;7.77081;3
GYRO;3.629;1471042.599;0.01326;0.03327;0.00768;3
MAGN;3.629;1471042.613;13.43750;-1.56250;-41.81250;3
ACCE;3.631;1471042.608;0.26507;6.14767;7.80583;3
GYRO;3.631;1471042.609;0.01134;0.01930;0.00897;3
AHRS;3.632;1471042.608;38.2740;-2.0560;24.6210;0.32385;0.05333;0.19565;3
MAGN;3.638;1471042.623;13.25000;-1.50000;-41.87500;3
ACCE;3.640;1471042.618;0.26672;6.14373;7.81909;3
GYRO;3.641;1471042.619;0.01101;0.00522;0.01011;3
MAGN;3.648;1471042.633;13.25000;-1.62500;-42.06250;3
ACCE;3.650;1471042.628;0.27224;6.14978;7.84453;3
GYRO;3.650;1471042.629;0.01356;-0.00564;0.01101;3
AHRS;3.652;1471042.628;38.2866;-2.0397;24.6359;0.32392;0.05352;0.19580;3
MAGN;3.657;1471042.643;13.25000;-1.75000;-42.00000;3
ACCE;3.660;1471042.638;0.29259;6.14402;7.83634;3
GYRO;3.660;1471042.639;0.01349;-0.01051;0.01000;3
MAGN;3.668;1471042.653;13.50000;-1.93750;-42.06250;3
ACCE;3.670;1471042.648;0.29906;6.15916;7.83051;3
GYRO;3.671;1471042.649;0.01281;-0.01096;0.00791;3
AHRS;3.672;1471042.648;38.3014;-2.0538;24.6537;0.32405;0.05348;0.19590;3
MAGN;3.677;1471042.662;13.37500;-1.93750;-42.06250;3
ACCE;3.680;1471042.658;0.29901;6.13504;7.81761;3
GYRO;3.681;1471042.659;0.01545;-0.00639;0.00663;3
MAGN;3.687;1471042.672;13.06250;-2.00000;-42.12500;3
ACCE;3.689;1471042.668;0.29373;6.13755;7.80420;3
GYRO;3.690;1471042.669;0.01443;0.00710;0.00613;3
AHRS;3.692;1471042.668;38.3156;-2.0713;24.6673;0.32419;0.05341;0.19595;3
MAGN;3.697;1471042.682;13.06250;-1.87500;-42.12500;3
ACCE;3.699;1471042.678;0.27903;6.14809;7.80528;3
GYRO;3.700;1471042.679;0.01534;0.02300;0.00421;3
MAGN;3.708;1471042.692;13.00000;-1.93750;-42.06250;3
ACCE;3.710;1471042.688;0.26156;6.16589;7.80460;3
GYRO;3.710;1471042.689;0.01630;0.02758;0.00492;3
LIGH;3.711;1471042.692;1.0;3
AHRS;3.713;1471042.688;38.3325;-2.0663;24.6787;0.32431;0.05351;0.19604;3
MAGN;3.717;1471042.702;13.00000;-2.00000;-42.06250;3
ACCE;3.720;1471042.698;0.25458;6.14790;7.82253;3
GYRO;3.720;1471042.699;0.01405;0.02712;0.00876;3
MAGN;3.727;1471042.712;12.87500;-2.00000;-42.06250;3
ACCE;3.729;1471042.708;0.26832;6.13772;7.80536;3
GYRO;3.729;1471042.708;0.01339;0.01864;0.00934;3
AHRS;3.731;1471042.708;38.3499;-2.0385;24.6875;0.32440;0.05379;0.19618;3
MAGN;3.737;1471042.722;12.81250;-1.93750;-41.93750;3
ACCE;3.739;1471042.718;0.28399;6.13104;7.78300;3
GYRO;3.740;1471042.718;0.01227;0.01197;0.00977;3
MAGN;3.747;1471042.732;13.12500;-2.00000;-42.00000;3
ACCE;3.749;1471042.727;0.26899;6.12572;7.78032;3
GYRO;3.750;1471042.728;0.00590;0.00887;0.00880;3
AHRS;3.751;1471042.727;38.3648;-2.0234;24.7032;0.32449;0.05398;0.19634;3
MAGN;3.757;1471042.742;13.00000;-1.87500;-42.06250;3
ACCE;3.759;1471042.737;0.25587;6.14264;7.78839;3
GYRO;3.760;1471042.738;0.00445;0.00466;0.00969;3
MAGN;3.767;1471042.752;12.93750;-1.87500;-42.18750;3
ACCE;3.769;1471042.747;0.23119;6.14224;7.81585;3
GYRO;3.769;1471042.748;0.00827;-0.00286;0.01150;3
AHRS;3.771;1471042.747;38.3709;-2.0188;24.7175;0.32452;0.05407;0.19646;3
MAGN;3.777;1471042.762;13.06250;-1.93750;-42.06250;3
ACCE;3.779;1471042.757;0.23195;6.15335;7.83762;3
GYRO;3.780;1471042.758;0.01267;-0.00710;0.01122;3
MAGN;3.786;1471042.772;13.00000;-2.00000;-42.18750;3
ACCE;3.789;1471042.767;0.26678;6.14880;7.82575;3
GYRO;3.790;1471042.768;0.01344;-0.01239;0.01386;3
AHRS;3.791;1471042.767;38.3797;-2.0301;24.7361;0.32460;0.05405;0.19657;3
MAGN;3.797;1471042.782;13.12500;-2.00000;-42.25000;3
ACCE;3.799;1471042.777;0.30061;6.15415;7.80777;3
GYRO;3.799;1471042.778;0.01595;-0.01072;0.01265;3
MAGN;3.807;1471042.791;13.06250;-1.87500;-42.25000;3
ACCE;3.808;1471042.787;0.33402;6.13798;7.79600;3
GYRO;3.809;1471042.788;0.01529;-0.00374;0.00887;3
AHRS;3.811;1471042.787;38.3942;-2.0548;24.7584;0.32475;0.05394;0.19667;3
MAGN;3.817;1471042.801;13.18750;-1.93750;-42.25000;3
ACCE;3.819;1471042.797;0.31715;6.14196;7.80170;3
GYRO;3.820;1471042.798;0.01332;-0.00555;0.00515;3
MAGN;3.826;1471042.811;13.25000;-2.00000;-42.18750;3
ACCE;3.828;1471042.807;0.32217;6.13984;7.81524;3
GYRO;3.829;1471042.808;0.01185;-0.00251;0.00257;3
AHRS;3.830;1471042.807;38.4113;-2.0649;24.7734;0.32490;0.05393;0.19675;3
MAGN;3.836;1471042.821;13.18750;-1.81250;-42.18750;3
ACCE;3.838;1471042.817;0.31953;6.15817;7.80792;3
GYRO;3.839;1471042.818;0.01620;-0.00283;0.00101;3
MAGN;3.846;1471042.831;13.12500;-1.87500;-42.31250;3
ACCE;3.848;1471042.827;0.29701;6.15475;7.78316;3
GYRO;3.849;1471042.828;0.01545;-0.00319;0.00290;3
AHRS;3.851;1471042.827;38.4244;-2.0679;24.7792;0.32501;0.05395;0.19678;3
MAGN;3.857;1471042.841;13.18750;-1.93750;-42.18750;3
ACCE;3.858;1471042.837;0.32098;6.17583;7.76402;3
GYRO;3.861;1471042.838;0.01545;0.00002;0.00140;3
MAGN;3.866;1471042.851;13.00000;-1.87500;-42.25000;3
ACCE;3.868;1471042.847;0.34840;6.15754;7.78737;3
GYRO;3.869;1471042.847;0.01595;0.00030;0.00141;3
AHRS;3.871;1471042.847;38.4418;-2.0720;24.7855;0.32515;0.05397;0.19680;3
MAGN;3.876;1471042.861;13.12500;-1.62500;-42.06250;3
ACCE;3.879;1471042.857;0.33783;6.13813;7.77766;3
GYRO;3.880;1471042.857;0.01499;-0.00508;-0.00021;3
MAGN;3.886;1471042.871;13.06250;-1.75000;-42.06250;3
ACCE;3.888;1471042.866;0.34244;6.13432;7.76729;3
GYRO;3.889;1471042.867;0.01237;-0.00483;-0.00035;3
AHRS;3.890;1471042.866;38.4598;-2.0709;24.7897;0.32529;0.05402;0.19682;3
MAGN;3.896;1471042.881;13.12500;-1.81250;-42.00000;3
ACCE;3.898;1471042.876;0.34567;6.14610;7.75515;3
GYRO;3.898;1471042.877;0.01035;0.00086;-0.00155;3
MAGN;3.906;1471042.891;13.25000;-1.68750;-41.87500;3
ACCE;3.908;1471042.886;0.31778;6.14656;7.82107;3
GYRO;3.908;1471042.887;0.01021;0.00033;-0.00206;3
AHRS;3.910;1471042.886;38.4738;-2.0739;24.7911;0.32541;0.05402;0.19682;3
MAGN;3.915;1471042.901;13.00000;-1.68750;-42.00000;3
ACCE;3.917;1471042.896;0.30840;6.14699;7.85269;3
GYRO;3.919;1471042.897;0.01491;-0.00045;-0.00417;3
MAGN;3.926;1471042.911;12.87500;-1.68750;-42.00000;3
ACCE;3.928;1471042.906;0.30760;6.15771;7.85426;3
GYRO;3.928;1471042.907;0.02173;0.00096;-0.00297;3
AHRS;3.930;1471042.906;38.4854;-2.0693;24.7899;0.32550;0.05408;0.19681;3
MAGN;3.935;1471042.921;12.75000;-1.68750;-41.87500;3
ACCE;3.938;1471042.916;0.29738;6.15120;7.81445;3
GYRO;3.939;1471042.917;0.02794;-0.00098;-0.00185;3
MAGN;3.945;1471042.930;12.62500;-1.56250;-41.87500;3
ACCE;3.948;1471042.926;0.30519;6.14765;7.77041;3
GYRO;3.948;1471042.927;0.02850;0.00239;-0.00049;3
AHRS;3.950;1471042.926;38.5103;-2.0637;24.7881;0.32569;0.05416;0.19679;3
MAGN;3.956;1471042.940;12.81250;-1.62500;-42.06250;3
ACCE;3.958;1471042.936;0.32556;6.15321;7.76996;3
GYRO;3.959;1471042.937;0.02997;0.00606;-0.00241;3
MAGN;3.965;1471042.950;12.81250;-1.87500;-42.25000;3
ACCE;3.967;1471042.946;0.31380;6.15669;7.74817;3
GYRO;3.968;1471042.947;0.02557;0.00586;-0.00656;3
AHRS;3.970;1471042.946;38.5429;-2.0587;24.7900;0.32594;0.05427;0.19680;3
MAGN;3.975;1471042.960;12.50000;-1.93750;-42.12500;3
ACCE;3.977;1471042.956;0.29578;6.16479;7.72616;3
GYRO;3.978;1471042.957;0.02213;0.00408;-0.00511;3
MAGN;3.985;1471042.970;12.50000;-1.75000;-42.25000;3
ACCE;3.988;1471042.966;0.31369;6.16381;7.76197;3
GYRO;3.988;1471042.967;0.01532;-0.00185;-0.00625;3
AHRS;3.990;1471042.966;38.5722;-2.0442;24.7829;0.32615;0.05442;0.19676;3
MAGN;3.995;1471042.980;12.37500;-1.87500;-42.18750;3
ACCE;3.997;1471042.976;0.30792;6.15572;7.75436;3
GYRO;3.998;1471042.976;0.01703;-0.00894;-0.00850;3
MAGN;4.005;1471042.990;12.56250;-1.81250;-42.25000;3
ACCE;4.007;1471042.986;0.28240;6.16737;7.78905;3
GYRO;4.008;1471042.986;0.01478;-0.02094;-0.00824;3
AHRS;4.009;1471042.986;38.5898;-2.0385;24.7759;0.32629;0.05448;0.19671;3
MAGN;4.015;1471043.000;12.43750;-1.93750;-42.18750;3
ACCE;4.017;1471042.995;0.28392;6.18367;7.74831;3
GYRO;4.018;1471042.996;0.01735;-0.02569;-0.00742;3
MAGN;4.025;1471043.010;12.75000;-1.93750;-42.12500;3
ACCE;4.027;1471043.005;0.29503;6.19591;7.71150;3
GYRO;4.028;1471043.006;0.01936;-0.02395;-0.00552;3
AHRS;4.032;1471043.005;38.6069;-2.0529;24.7660;0.32645;0.05437;0.19657;3
SOUN;4.033;136.43;0.00416;46.37
MAGN;4.039;1471043.020;12.81250;-2.00000;-42.06250;3
ACCE;4.040;1471043.015;0.31693;6.18561;7.70344;3
GYRO;4.041;1471043.016;0.01799;-0.02011;-0.00483;3
MAGN;4.046;1471043.030;12.68750;-2.06250;-42.00000;3
ACCE;4.048;1471043.025;0.32935;6.16804;7.75080;3
GYRO;4.049;1471043.026;0.01895;-0.01747;-0.00620;3
AHRS;4.049;1471043.025;38.6293;-2.0732;24.7601;0.32667;0.05423;0.19645;3
MAGN;4.057;1471043.040;12.62500;-1.93750;-42.06250;3
ACCE;4.058;1471043.035;0.30995;6.16751;7.75153;3
GYRO;4.060;1471043.036;0.01792;-0.01922;-0.01086;3
LIGH;4.060;1471043.040;1.0;3
MAGN;4.065;1471043.050;12.93750;-1.87500;-42.31250;3
ACCE;4.067;1471043.045;0.28013;6.19748;7.74718;3
GYRO;4.067;1471043.046;0.01974;-0.01918;-0.01559;3
AHRS;4.069;1471043.045;38.6510;-2.0857;24.7534;0.32687;0.05415;0.19635;3
MAGN;4.074;1471043.060;13.00000;-2.25000;-42.25000;3
ACCE;4.076;1471043.055;0.27215;6.21045;7.70790;3
GYRO;4.077;1471043.056;0.01421;-0.01939;-0.01534;3
MAGN;4.084;1471043.069;13.12500;-2.31250;-42.37500;3
ACCE;4.086;1471043.065;0.23194;6.19549;7.72800;3
GYRO;4.086;1471043.066;0.00927;-0.01525;-0.00750;3
AHRS;4.088;1471043.065;38.6741;-2.0913;24.7328;0.32708;0.05408;0.19614;3
MAGN;4.094;1471043.079;13.12500;-2.25000;-42.43750;3
ACCE;4.096;1471043.075;0.28980;6.18267;7.74233;3
GYRO;4.097;1471043.076;0.00290;-0.02094;-0.00286;3
MAGN;4.104;1471043.089;13.12500;-2.18750;-42.50000;3
ACCE;4.106;1471043.085;0.35960;6.14456;7.72186;3
GYRO;4.107;1471043.086;-0.00349;-0.02164;-0.00241;3
AHRS;4.109;1471043.085;38.6850;-2.0997;24.7236;0.32718;0.05401;0.19604;3
MAGN;4.114;1471043.099;12.93750;-2.25000;-42.37500;3
ACCE;4.116;1471043.095;0.38001;6.13541;7.69695;3
GYRO;4.118;1471043.096;-0.00721;-0.01321;-0.00641;3
MAGN;4.124;1471043.109;12.93750;-2.31250;-42.37500;3
ACCE;4.126;1471043.105;0.37560;6.15249;7.74242;3
GYRO;4.127;1471043.106;-0.00941;-0.01250;-0.01206;3
AHRS;4.128;1471043.105;38.6809;-2.1195;24.7212;0.32718;0.05384;0.19597;3
MAGN;4.134;1471043.119;12.81250;-2.25000;-42.56250;3
ACCE;4.137;1471043.115;0.28850;6.16837;7.81312;3
GYRO;4.137;1471043.115;-0.00380;-0.01667;-0.01239;3
MAGN;4.144;1471043.129;12.68750;-2.37500;-42.56250;3
SOUN;4.144;125.32;0.00382;45.63
ACCE;4.146;1471043.125;0.26834;6.18783;7.86737;3
GYRO;4.146;1471043.125;0.00752;-0.01848;-0.01091;3
AHRS;4.148;1471043.125;38.6705;-2.1199;24.7043;0.32711;0.05376;0.19584;3
MAGN;4.154;1471043.139;12.81250;-2.43750;-42.43750;3
ACCE;4.156;1471043.134;0.27458;6.22184;7.86499;3
GYRO;4.156;1471043.135;0.01611;-0.02164;-0.00475;3
MAGN;4.164;1471043.149;12.56250;-2.25000;-42.25000;3
ACCE;4.166;1471043.144;0.25228;6.20078;7.80931;3
GYRO;4.166;1471043.145;0.02136;-0.02278;-0.00044;3
AHRS;4.168;1471043.144;38.6795;-2.1287;24.6901;0.32720;0.05367;0.19569;3
MAGN;4.173;1471043.159;12.50000;-2.43750;-42.37500;3
ACCE;4.176;1471043.154;0.27166;6.20350;7.76771;3
GYRO;4.176;1471043.155;0.02461;-0.01194;-0.00182;3
MAGN;4.184;1471043.169;12.56250;-2.56250;-42.31250;3
ACCE;4.186;1471043.164;0.29746;6.19067;7.74573;3
GYRO;4.186;1471043.165;0.02063;-0.00656;-0.00302;3
AHRS;4.188;1471043.164;38.7037;-2.1526;24.6918;0.32744;0.05353;0.19562;3
MAGN;4.194;1471043.179;12.56250;-2.50000;-42.25000;3
ACCE;4.196;1471043.174;0.26329;6.18900;7.75837;3
GYRO;4.197;1471043.175;0.01838;-0.00225;-0.00995;3
MAGN;4.204;1471043.189;12.62500;-2.37500;-42.43750;3
ACCE;4.206;1471043.184;0.24026;6.20652;7.76320;3
GYRO;4.207;1471043.185;0.01276;-0.00422;-0.01162;3
AHRS;4.208;1471043.184;38.7273;-2.1553;24.6898;0.32763;0.05354;0.19557;3
MAGN;4.213;1471043.198;12.62500;-2.31250;-42.56250;3
ACCE;4.215;1471043.194;0.24906;6.20534;7.76090;3
GYRO;4.216;1471043.195;0.01257;-0.00155;-0.01285;3
MAGN;4.223;1471043.208;12.75000;-2.37500;-42.06250;3
ACCE;4.225;1471043.204;0.25528;6.21535;7.77610;3
GYRO;4.226;1471043.205;0.00794;-0.00581;-0.01431;3
AHRS;4.228;1471043.204;38.7423;-2.1474;24.6748;0.32775;0.05359;0.19546;3
MAGN;4.233;1471043.218;12.93750;-2.37500;-42.00000;3
ACCE;4.235;1471043.214;0.23933;6.18515;7.77737;3
GYRO;4.236;1471043.215;0.00541;-0.01171;-0.01546;3
MAGN;4.243;1471043.228;12.75000;-2.12500;-41.93750;3
ACCE;4.245;1471043.224;0.25393;6.20062;7.80817;3
GYRO;4.246;1471043.225;0.00714;-0.02025;-0.01703;3
AHRS;4.247;1471043.224;38.7518;-2.1386;24.6555;0.32782;0.05362;0.19533;3
MAGN;4.253;1471043.238;12.87500;-2.12500;-42.06250;3
ACCE;4.255;1471043.234;0.23678;6.19165;7.78050;3
GYRO;4.256;1471043.235;0.00752;-0.02477;-0.01281;3
MAGN;4.263;1471043.248;12.62500;-1.87500;-42.00000;3
ACCE;4.265;1471043.244;0.23378;6.20162;7.73549;3
GYRO;4.266;1471043.244;0.00756;-0.01829;-0.01004;3
AHRS;4.268;1471043.244;38.7607;-2.1438;24.6322;0.32791;0.05353;0.19512;3
MAGN;4.273;1471043.258;12.50000;-1.75000;-41.87500;3
ACCE;4.275;1471043.254;0.25330;6.21028;7.75967;3
GYRO;4.275;1471043.254;0.00592;-0.00988;-0.00705;3
MAGN;4.283;1471043.268;12.68750;-1.81250;-41.93750;3
ACCE;4.285;1471043.263;0.26175;6.19668;7.75727;3
GYRO;4.286;1471043.264;0.00686;-0.00737;-0.00529;3
AHRS;4.287;1471043.263;38.7695;-2.1531;24.6192;0.32800;0.05343;0.19498;3
MAGN;4.293;1471043.278;12.81250;-1.93750;-41.75000;3
ACCE;4.295;1471043.273;0.24494;6.20298;7.74865;3
GYRO;4.296;1471043.274;0.00611;-0.00527;-0.00361;3
MAGN;4.303;1471043.288;12.68750;-1.87500;-41.93750;3
ACCE;4.305;1471043.283;0.28974;6.20537;7.74629;3
GYRO;4.306;1471043.284;0.00948;0.00265;-0.00297;3
AHRS;4.308;1471043.283;38.7775;-2.1544;24.6132;0.32807;0.05342;0.19492;3
MAGN;4.313;1471043.298;12.56250;-1.93750;-42.12500;3
ACCE;4.314;1471043.293;0.28727;6.21564;7.77579;3
GYRO;4.315;1471043.294;0.00935;0.00361;-0.00449;3
MAGN;4.323;1471043.308;12.43750;-1.87500;-42.00000;3
ACCE;4.325;1471043.303;0.24320;6.21725;7.77964;3
GYRO;4.326;1471043.304;0.01461;0.00358;-0.00749;3
AHRS;4.327;1471043.303;38.7882;-2.1463;24.6106;0.32814;0.05350;0.19492;3
MAGN;4.332;1471043.318;12.56250;-2.06250;-42.06250;3
ACCE;4.335;1471043.313;0.23737;6.22895;7.77569;3
GYRO;4.335;1471043.314;0.01468;0.00281;-0.00532;3
MAGN;4.343;1471043.328;12.56250;-2.12500;-42.18750;3
ACCE;4.345;1471043.323;0.21020;6.22240;7.75702;3
GYRO;4.345;1471043.324;0.01569;0.00340;-0.00246;3
AHRS;4.347;1471043.323;38.8051;-2.1332;24.6017;0.32826;0.05361;0.19487;3
MAGN;4.363;1471043.337;12.87500;-2.06250;-42.31250;3
ACCE;4.364;1471043.333;0.21131;6.21870;7.73955;3
GYRO;4.364;1471043.334;0.01499;0.00469;0.00349;3
MAGN;4.365;1471043.347;12.87500;-2.00000;-42.50000;3
ACCE;4.366;1471043.343;0.22804;6.20631;7.73018;3
GYRO;4.369;1471043.344;0.01609;0.00267;0.00597;3
AHRS;4.371;1471043.343;38.8230;-2.1250;24.6002;0.32839;0.05370;0.19487;3
WIFI;4.372;1471031.815;Pixel_6pro;ce:85:13:6b:00:7b;-88
WIFI;4.372;1471031.815;wireless;e0:36:76:1e:5a:d9;-49
WIFI;4.372;1471031.815;MEHAR HOUSE 1;0c:45:ba:2d:a2:14;-85
WIFI;4.372;1471031.815;FAISAL;24:44:27:0c:a0:14;-69
MAGN;4.392;1471043.357;12.56250;-2.06250;-42.37500;3
ACCE;4.395;1471043.353;0.24853;6.19121;7.71698;3
GYRO;4.395;1471043.354;0.01278;-0.00227;0.00812;3
MAGN;4.396;1471043.367;12.56250;-2.06250;-42.43750;3
ACCE;4.396;1471043.363;0.28371;6.20741;7.71280;3
GYRO;4.397;1471043.364;0.01199;-0.00442;0.00724;3
AHRS;4.397;1471043.363;38.8410;-2.1253;24.6111;0.32853;0.05376;0.19494;3
MAGN;4.400;1471043.377;12.68750;-2.12500;-42.25000;3
ACCE;4.400;1471043.373;0.28778;6.23442;7.73629;3
GYRO;4.400;1471043.374;0.00946;-0.00318;0.00382;3
MAGN;4.406;1471043.387;12.68750;-1.87500;-42.31250;3
ACCE;4.407;1471043.383;0.27786;6.22405;7.74652;3
GYRO;4.407;1471043.383;0.01077;-0.00808;0.00232;3
LIGH;4.407;1471043.387;0.0;3
AHRS;4.408;1471043.383;38.8551;-2.1352;24.6242;0.32866;0.05375;0.19501;3
MAGN;4.412;1471043.397;12.68750;-2.00000;-42.31250;3
ACCE;4.415;1471043.393;0.27605;6.24081;7.79159;3
GYRO;4.415;1471043.393;0.01222;-0.01478;0.00278;3
MAGN;4.428;1471043.407;12.43750;-2.06250;-42.12500;3
ACCE;4.432;1471043.402;0.27445;6.24395;7.78397;3
GYRO;4.433;1471043.403;0.01566;-0.01429;0.00389;3
AHRS;4.435;1471043.402;38.8664;-2.1440;24.6293;0.32876;0.05371;0.19501;3
MAGN;4.450;1471043.417;12.31250;-2.06250;-41.93750;3
ACCE;4.450;1471043.412;0.25945;6.25313;7.77078;3
GYRO;4.450;1471043.413;0.02196;-0.00848;0.00185;3
MAGN;4.450;1471043.427;12.18750;-2.18750;-41.68750;3
ACCE;4.450;1471043.422;0.28276;6.23739;7.74443;3
GYRO;4.451;1471043.423;0.02388;-0.00464;0.00229;3
AHRS;4.451;1471043.422;38.8840;-2.1619;24.6371;0.32893;0.05362;0.19501;3
MAGN;4.452;1471043.437;12.25000;-2.31250;-41.75000;3
ACCE;4.455;1471043.432;0.28544;6.21677;7.71103;3
GYRO;4.455;1471043.433;0.02585;0.00333;0.00103;3
MAGN;4.462;1471043.447;12.37500;-2.25000;-41.93750;3
ACCE;4.463;1471043.442;0.32758;6.22378;7.67942;3
GYRO;4.464;1471043.443;0.02150;0.01623;-0.00234;3
AHRS;4.466;1471043.442;38.9112;-2.1675;24.6431;0.32915;0.05364;0.19502;3
MAGN;4.472;1471043.457;12.37500;-2.25000;-41.87500;3
ACCE;4.473;1471043.452;0.30340;6.23354;7.66331;3
GYRO;4.474;1471043.453;0.01337;0.01847;-0.00382;3
SOUN;4.475;137.93;0.00421;46.46
MAGN;4.481;1471043.466;12.56250;-2.18750;-42.06250;3
ACCE;4.484;1471043.462;0.30067;6.21086;7.69849;3
GYRO;4.484;1471043.463;0.00927;0.01798;-0.00251;3
AHRS;4.486;1471043.462;38.9358;-2.1448;24.6420;0.32931;0.05387;0.19506;3
MAGN;4.491;1471043.476;12.81250;-2.31250;-42.18750;3
ACCE;4.493;1471043.472;0.28584;6.21079;7.73235;3
GYRO;4.494;1471043.473;0.00504;0.01552;-0.00377;3
MAGN;4.501;1471043.486;12.75000;-2.31250;-42.31250;3
ACCE;4.503;1471043.482;0.30306;6.21229;7.75445;3
GYRO;4.504;1471043.483;0.00248;0.00293;-0.00223;3
AHRS;4.505;1471043.482;38.9462;-2.1197;24.6401;0.32935;0.05408;0.19511;3
MAGN;4.511;1471043.496;12.62500;-2.12500;-42.43750;3
ACCE;4.513;1471043.492;0.28480;6.20461;7.76758;3
GYRO;4.514;1471043.493;-0.00065;-0.01140;0.00225;3
MAGN;4.521;1471043.506;12.81250;-2.12500;-42.50000;3
ACCE;4.523;1471043.502;0.28945;6.20517;7.79011;3
GYRO;4.524;1471043.503;0.00520;-0.01419;0.00250;3
AHRS;4.526;1471043.502;38.9491;-2.1116;24.6382;0.32936;0.05415;0.19511;3
MAGN;4.531;1471043.516;12.93750;-2.18750;-42.68750;3
ACCE;4.533;1471043.512;0.28609;6.19313;7.78530;3
GYRO;4.533;1471043.513;0.00883;-0.01890;0.00515;3
MAGN;4.541;1471043.526;12.93750;-2.25000;-42.62500;3
ACCE;4.544;1471043.522;0.27577;6.20197;7.77121;3
GYRO;4.545;1471043.522;0.01621;-0.01382;0.00742;3
AHRS;4.546;1471043.522;38.9547;-2.1277;24.6433;0.32943;0.05404;0.19511;3
MAGN;4.551;1471043.536;12.93750;-2.12500;-42.43750;3
ACCE;4.554;1471043.532;0.30784;6.20692;7.75245;3
GYRO;4.554;1471043.532;0.02196;-0.00463;0.00730;3
MAGN;4.561;1471043.546;12.93750;-2.18750;-42.50000;3
ACCE;4.564;1471043.541;0.30834;6.18505;7.76323;3
GYRO;4.564;1471043.542;0.02780;-0.00497;0.00742;3
AHRS;4.565;1471043.541;38.9728;-2.1482;24.6564;0.32961;0.05395;0.19514;3
MAGN;4.571;1471043.556;12.75000;-2.31250;-42.25000;3
ACCE;4.573;1471043.551;0.29961;6.20224;7.74292;3
GYRO;4.573;1471043.552;0.03304;-0.00230;0.00541;3
MAGN;4.580;1471043.566;12.43750;-2.25000;-42.25000;3
ACCE;4.583;1471043.561;0.30530;6.23358;7.69783;3
GYRO;4.584;1471043.562;0.02978;0.00122;0.00283;3
SOUN;4.585;164.57;0.00502;48.00
AHRS;4.587;1471043.561;39.0042;-2.1591;24.6700;0.32987;0.05395;0.19519;3
MAGN;4.590;1471043.576;12.37500;-2.18750;-42.31250;3
ACCE;4.592;1471043.571;0.25058;6.21345;7.67309;3
GYRO;4.593;1471043.572;0.02328;0.00229;0.00340;3
MAGN;4.601;1471043.586;12.56250;-2.31250;-42.50000;3
ACCE;4.603;1471043.581;0.24964;6.22150;7.66766;3
GYRO;4.604;1471043.582;0.01841;-0.00264;0.00195;3
AHRS;4.605;1471043.581;39.0380;-2.1587;24.6769;0.33014;0.05404;0.19522;3
MAGN;4.610;1471043.596;12.43750;-2.18750;-42.56250;3
ACCE;4.613;1471043.591;0.26409;6.21922;7.65232;3
GYRO;4.613;1471043.592;0.00953;-0.00806;0.00325;3
MAGN;4.621;1471043.605;12.31250;-2.18750;-42.50000;3
ACCE;4.623;1471043.601;0.26246;6.21989;7.65001;3
GYRO;4.626;1471043.602;0.00026;-0.00691;0.00065;3
AHRS;4.630;1471043.601;39.0589;-2.1615;24.6821;0.33031;0.05407;0.19524;3
MAGN;4.630;1471043.615;12.43750;-2.06250;-42.50000;3
ACCE;4.632;1471043.611;0.26922;6.21360;7.66873;3
GYRO;4.633;1471043.612;-0.00670;-0.00152;0.00056;3
MAGN;4.640;1471043.625;12.43750;-2.18750;-42.56250;3
ACCE;4.642;1471043.621;0.28808;6.22279;7.72237;3
GYRO;4.643;1471043.622;-0.01038;-0.00016;-0.00054;3
AHRS;4.645;1471043.621;39.0590;-2.1672;24.6842;0.33032;0.05403;0.19524;3
MAGN;4.650;1471043.635;12.50000;-2.12500;-42.68750;3
ACCE;4.653;1471043.631;0.30708;6.22349;7.75605;3
GYRO;4.654;1471043.632;-0.00552;0.00545;-0.00195;3
MAGN;4.660;1471043.645;12.56250;-2.00000;-42.56250;3
ACCE;4.662;1471043.641;0.27123;6.20064;7.74834;3
GYRO;4.663;1471043.642;-0.00115;0.00323;0.00002;3
AHRS;4.664;1471043.641;39.0470;-2.1638;24.6839;0.33022;0.05404;0.19526;3
MAGN;4.670;1471043.655;12.81250;-1.93750;-42.56250;3
ACCE;4.672;1471043.651;0.25603;6.21243;7.71865;3
GYRO;4.673;1471043.651;0.00710;0.00716;0.00113;3
MAGN;4.680;1471043.665;13.06250;-2.06250;-42.43750;3
ACCE;4.682;1471043.661;0.27053;6.22036;7.71788;3
GYRO;4.684;1471043.661;0.01363;0.01632;0.00349;3
AHRS;4.685;1471043.661;39.0454;-2.1574;24.6849;0.33019;0.05409;0.19528;3
MAGN;4.690;1471043.675;13.00000;-2.12500;-42.25000;3
ACCE;4.692;1471043.670;0.24366;6.24125;7.72051;3
GYRO;4.693;1471043.671;0.01773;0.02222;0.00356;3
MAGN;4.700;1471043.685;13.18750;-2.31250;-42.25000;3
ACCE;4.702;1471043.680;0.26245;6.24024;7.72757;3
GYRO;4.703;1471043.681;0.01960;0.02161;0.00534;3
AHRS;4.704;1471043.680;39.0608;-2.1398;24.6920;0.33028;0.05428;0.19538;3
MAGN;4.710;1471043.695;13.18750;-2.25000;-42.25000;3
ACCE;4.711;1471043.690;0.28320;6.24107;7.73694;3
GYRO;4.712;1471043.691;0.01789;0.01375;0.00714;3
MAGN;4.720;1471043.705;13.06250;-2.31250;-42.25000;3
ACCE;4.722;1471043.700;0.28524;6.25384;7.74781;3
GYRO;4.723;1471043.701;0.01527;0.00429;0.00487;3
AHRS;4.724;1471043.700;39.0829;-2.1178;24.7019;0.33042;0.05452;0.19551;3
MAGN;4.729;1471043.715;13.00000;-2.31250;-42.37500;3
ACCE;4.732;1471043.710;0.26126;6.26242;7.76799;3
GYRO;4.732;1471043.711;0.01438;-0.01063;0.00192;3
MAGN;4.739;1471043.725;12.93750;-2.37500;-42.06250;3
ACCE;4.742;1471043.720;0.25413;6.27992;7.76398;3
GYRO;4.743;1471043.721;0.00904;-0.02513;0.00194;3
AHRS;4.745;1471043.720;39.1000;-2.1153;24.7111;0.33055;0.05460;0.19557;3
MAGN;4.749;1471043.734;13.12500;-2.62500;-42.37500;3
ACCE;4.752;1471043.730;0.23635;6.27990;7.75476;3
GYRO;4.753;1471043.731;0.00590;-0.02749;0.00257;3
LIGH;4.754;1471043.734;1.0;3
MAGN;4.760;1471043.744;12.68750;-2.81250;-42.25000;3
ACCE;4.761;1471043.740;0.25168;6.27445;7.74053;3
GYRO;4.762;1471043.741;0.00471;-0.02042;0.00461;3
AHRS;4.764;1471043.740;39.1101;-2.1434;24.7156;0.33067;0.05441;0.19552;3
MAGN;4.769;1471043.754;12.62500;-2.75000;-42.37500;3
ACCE;4.772;1471043.750;0.26866;6.27654;7.76811;3
GYRO;4.773;1471043.751;0.00258;-0.01428;0.00466;3
MAGN;4.779;1471043.764;12.75000;-2.87500;-42.62500;3
ACCE;4.781;1471043.760;0.28395;6.26015;7.80152;3
GYRO;4.782;1471043.761;0.00613;-0.01274;0.00284;3
AHRS;4.784;1471043.760;39.1152;-2.1685;24.7237;0.33075;0.05424;0.19551;3
MAGN;4.789;1471043.774;12.68750;-2.87500;-42.50000;3
ACCE;4.791;1471043.770;0.28528;6.26743;7.79540;3
GYRO;4.792;1471043.771;0.01360;-0.01276;0.00290;3
MAGN;4.799;1471043.784;12.81250;-2.93750;-42.56250;3
ACCE;4.801;1471043.780;0.26525;6.28788;7.78760;3
GYRO;4.802;1471043.781;0.01667;-0.01487;0.00414;3
AHRS;4.804;1471043.780;39.1220;-2.1832;24.7293;0.33083;0.05415;0.19551;3
MAGN;4.809;1471043.794;12.93750;-3.06250;-42.68750;3
ACCE;4.811;1471043.790;0.30064;6.28968;7.77274;3
GYRO;4.811;1471043.790;0.02602;-0.01173;0.00377;3
MAGN;4.820;1471043.804;13.00000;-3.12500;-42.43750;3
ACCE;4.821;1471043.800;0.27223;6.28150;7.76194;3
GYRO;4.822;1471043.800;0.03274;-0.01339;0.00335;3
AHRS;4.823;1471043.800;39.1407;-2.2019;24.7374;0.33101;0.05405;0.19550;3
MAGN;4.829;1471043.814;13.00000;-3.18750;-42.56250;3
ACCE;4.831;1471043.809;0.26940;6.27246;7.74181;3
GYRO;4.831;1471043.810;0.03609;-0.01464;0.00649;3
MAGN;4.839;1471043.824;12.81250;-3.00000;-42.50000;3
ACCE;4.841;1471043.819;0.27920;6.25767;7.73046;3
GYRO;4.842;1471043.820;0.04164;-0.01148;0.00567;3
AHRS;4.843;1471043.819;39.1779;-2.2189;24.7453;0.33133;0.05401;0.19549;3
MAGN;4.849;1471043.834;13.06250;-3.06250;-42.56250;3
ACCE;4.851;1471043.829;0.28275;6.24740;7.69807;3
GYRO;4.852;1471043.830;0.03880;-0.00899;0.00194;3
MAGN;4.859;1471043.844;13.06250;-3.06250;-42.50000;3
ACCE;4.861;1471043.839;0.27048;6.26093;7.64099;3
GYRO;4.862;1471043.840;0.03484;-0.00888;0.00131;3
AHRS;4.864;1471043.839;39.2253;-2.2361;24.7572;0.33173;0.05399;0.19550;3
MAGN;4.869;1471043.854;13.31250;-2.93750;-42.25000;3
ACCE;4.871;1471043.849;0.22673;6.25455;7.59209;3
GYRO;4.871;1471043.850;0.02712;-0.00716;0.00499;3
MAGN;4.879;1471043.864;13.12500;-2.93750;-42.31250;3
ACCE;4.881;1471043.859;0.24368;6.24000;7.54924;3
GYRO;4.884;1471043.860;0.02089;0.00408;0.01190;3
AHRS;4.887;1471043.859;39.2649;-2.2460;24.7652;0.33206;0.05401;0.19550;3
MAGN;4.889;1471043.873;13.12500;-2.93750;-42.37500;3
ACCE;4.890;1471043.869;0.24022;6.22765;7.54000;3
GYRO;4.891;1471043.870;0.00646;0.01101;0.01991;3
MAGN;4.898;1471043.883;12.93750;-2.81250;-42.25000;3
ACCE;4.901;1471043.879;0.25499;6.22677;7.61251;3
GYRO;4.903;1471043.880;0.00098;0.01463;0.02342;3
AHRS;4.904;1471043.879;39.2882;-2.2506;24.7851;0.33225;0.05407;0.19563;3
MAGN;4.908;1471043.893;12.93750;-2.75000;-42.37500;3
ACCE;4.911;1471043.889;0.26273;6.23132;7.68681;3
GYRO;4.912;1471043.890;0.00356;0.01061;0.02321;3
MAGN;4.919;1471043.903;12.81250;-2.62500;-42.43750;3
ACCE;4.921;1471043.899;0.24189;6.25999;7.73909;3
GYRO;4.922;1471043.900;0.00794;-0.00435;0.02054;3
AHRS;4.923;1471043.899;39.2882;-2.2530;24.8210;0.33224;0.05415;0.19591;3
MAGN;4.929;1471043.913;12.81250;-2.81250;-42.25000;3
ACCE;4.930;1471043.909;0.23302;6.28028;7.71326;3
GYRO;4.931;1471043.910;0.01541;-0.01019;0.01752;3
MAGN;4.939;1471043.923;12.62500;-2.81250;-42.25000;3
ACCE;4.940;1471043.919;0.23826;6.30562;7.72836;3
GYRO;4.942;1471043.919;0.01682;-0.01005;0.01494;3
AHRS;4.943;1471043.919;39.2961;-2.2748;24.8529;0.33232;0.05408;0.19610;3
MAGN;4.948;1471043.933;12.56250;-2.75000;-42.18750;3
ACCE;4.953;1471043.929;0.24615;6.31929;7.68641;3
GYRO;4.953;1471043.929;0.01806;-0.00597;0.01122;3
MAGN;4.958;1471043.943;12.31250;-2.87500;-42.12500;3
ACCE;4.960;1471043.938;0.23306;6.32703;7.64756;3
GYRO;4.961;1471043.939;0.01644;0.00552;0.00988;3
AHRS;4.962;1471043.938;39.3146;-2.2982;24.8769;0.33250;0.05400;0.19621;3
MAGN;4.968;1471043.953;12.37500;-2.75000;-42.00000;3
ACCE;4.970;1471043.948;0.24043;6.34915;7.61676;3
GYRO;4.970;1471043.949;0.01220;0.02396;0.00791;3
MAGN;4.978;1471043.963;12.50000;-2.62500;-41.93750;3
ACCE;4.980;1471043.958;0.22650;6.35361;7.63390;3
GYRO;4.980;1471043.959;0.00963;0.04224;0.00740;3
AHRS;4.982;1471043.958;39.3330;-2.2989;24.8936;0.33264;0.05408;0.19633;3
MAGN;4.988;1471043.973;12.56250;-2.68750;-42.00000;3
ACCE;4.990;1471043.968;0.20780;6.36936;7.67358;3
GYRO;4.990;1471043.969;0.01063;0.05781;0.00576;3
MAGN;4.998;1471043.983;12.43750;-2.75000;-41.93750;3
ACCE;5.000;1471043.978;0.18361;6.38093;7.73775;3
GYRO;5.000;1471043.979;0.01340;0.06721;0.00607;3
AHRS;5.002;1471043.978;39.3434;-2.2550;24.9061;0.33264;0.05448;0.19655;3
MAGN;5.007;1471043.993;12.25000;-2.62500;-41.81250;3
ACCE;5.009;1471043.988;0.16782;6.37920;7.75474;3
GYRO;5.010;1471043.989;0.01592;0.06220;0.01141;3
MAGN;5.017;1471044.003;12.31250;-2.68750;-41.93750;3
ACCE;5.020;1471043.998;0.17323;6.36085;7.75249;3
GYRO;5.021;1471043.999;0.01588;0.04611;0.01834;3
AHRS;5.022;1471043.998;39.3586;-2.1814;24.9200;0.33263;0.05514;0.19686;3
MAGN;5.027;1471044.012;12.43750;-2.56250;-42.18750;3
ACCE;5.029;1471044.008;0.20272;6.36176;7.74979;3
GYRO;5.029;1471044.009;0.01880;0.02761;0.01885;3
MAGN;5.037;1471044.022;12.50000;-2.68750;-42.12500;3
ACCE;5.039;1471044.018;0.20344;6.37739;7.72717;3
GYRO;5.040;1471044.019;0.02112;0.01534;0.02286;3
AHRS;5.045;1471044.018;39.3758;-2.1435;24.9489;0.33269;0.05556;0.19719;3
SOUN;5.046;95.95;0.00293;43.31
MAGN;5.050;1471044.032;12.50000;-2.62500;-42.12500;3
ACCE;5.050;1471044.028;0.22033;6.37860;7.74022;3
GYRO;5.051;1471044.029;0.02185;0.01129;0.02592;3
MAGN;5.057;1471044.042;12.43750;-2.62500;-42.25000;3
ACCE;5.060;1471044.038;0.19590;6.39383;7.74131;3
GYRO;5.061;1471044.039;0.02813;0.00686;0.03103;3
AHRS;5.062;1471044.038;39.3990;-2.1454;24.9850;0.33286;0.05570;0.19746;3
MAGN;5.067;1471044.052;12.37500;-2.62500;-42.43750;3
ACCE;5.069;1471044.048;0.21637;6.37801;7.75472;3
GYRO;5.070;1471044.049;0.03262;0.01299;0.03747;3
MAGN;5.077;1471044.062;12.31250;-2.68750;-42.37500;3
ACCE;5.080;1471044.058;0.25454;6.38006;7.74723;3
GYRO;5.080;1471044.058;0.03948;0.02066;0.03848;3
AHRS;5.082;1471044.058;39.4298;-2.1650;25.0336;0.33312;0.05573;0.19776;3
MAGN;5.087;1471044.072;12.81250;-2.81250;-42.50000;3
ACCE;5.089;1471044.068;0.29947;6.37721;7.72584;3
GYRO;5.090;1471044.068;0.04220;0.02920;0.04140;3
MAGN;5.097;1471044.082;12.93750;-2.87500;-42.56250;3
ACCE;5.100;1471044.077;0.29376;6.37023;7.72011;3
GYRO;5.101;1471044.078;0.04725;0.03098;0.04339;3
LIGH;5.102;1471044.082;0.0;3
AHRS;5.104;1471044.077;39.4754;-2.1767;25.0967;0.33347;0.05591;0.19820;3
MAGN;5.107;1471044.092;13.00000;-2.87500;-42.31250;3
ACCE;5.108;1471044.087;0.31657;6.34970;7.73615;3
GYRO;5.109;1471044.088;0.05290;0.02761;0.04442;3
MAGN;5.117;1471044.102;13.06250;-2.87500;-42.18750;3
ACCE;5.119;1471044.097;0.31284;6.32884;7.71701;3
GYRO;5.119;1471044.098;0.06089;0.01644;0.04435;3
AHRS;5.121;1471044.097;39.5250;-2.1809;25.1615;0.33384;0.05615;0.19867;3
MAGN;5.127;1471044.112;13.00000;-2.93750;-42.12500;3
ACCE;5.129;1471044.107;0.32572;6.32355;7.68075;3
GYRO;5.129;1471044.108;0.06617;0.00714;0.04391;3
MAGN;5.137;1471044.122;12.93750;-3.12500;-42.18750;3
SOUN;5.137;201.68;0.00616;49.76
ACCE;5.139;1471044.117;0.33632;6.30553;7.62801;3
GYRO;5.143;1471044.118;0.06679;-0.00497;0.04506;3
AHRS;5.146;1471044.117;39.5926;-2.2034;25.2317;0.33439;0.05630;0.19911;3
MAGN;5.146;1471044.132;13.12500;-3.25000;-42.25000;3
ACCE;5.148;1471044.127;0.33528;6.28715;7.60819;3
GYRO;5.149;1471044.128;0.06304;-0.00686;0.04773;3
MAGN;5.157;1471044.141;13.06250;-3.56250;-42.00000;3
ACCE;5.158;1471044.137;0.39451;6.29149;7.59312;3
GYRO;5.159;1471044.138;0.06386;-0.00869;0.04760;3
AHRS;5.162;1471044.137;39.6671;-2.2515;25.3066;0.33503;0.05627;0.19951;3
MAGN;5.166;1471044.151;13.12500;-3.62500;-41.81250;3
ACCE;5.170;1471044.147;0.41157;6.26828;7.57655;3
GYRO;5.173;1471044.148;0.06250;-0.01279;0.04447;3
MAGN;5.177;1471044.161;12.81250;-3.62500;-41.68750;3
ACCE;5.178;1471044.157;0.43004;6.27177;7.58042;3
GYRO;5.179;1471044.158;0.06414;-0.01075;0.04058;3
AHRS;5.181;1471044.157;39.7379;-2.3063;25.3822;0.33566;0.05619;0.19990;3
MAGN;5.186;1471044.171;12.81250;-3.62500;-41.81250;3
ACCE;5.188;1471044.167;0.43614;6.26411;7.57365;3
GYRO;5.189;1471044.168;0.06372;-0.00627;0.03517;3
MAGN;5.196;1471044.181;12.81250;-3.75000;-41.93750;3
ACCE;5.199;1471044.177;0.42109;6.26845;7.55474;3
GYRO;5.199;1471044.178;0.05946;-0.00380;0.03000;3
AHRS;5.201;1471044.177;39.8095;-2.3571;25.4476;0.33629;0.05611;0.20022;3
MAGN;5.206;1471044.191;12.93750;-3.81250;-42.12500;3
ACCE;5.208;1471044.187;0.44613;6.28645;7.54171;3
GYRO;5.209;1471044.187;0.05309;-0.00096;0.02628;3
MAGN;5.215;1471044.201;13.06250;-3.68750;-42.18750;3
ACCE;5.219;1471044.197;0.40980;6.27871;7.50409;3
GYRO;5.220;1471044.197;0.04332;0.00099;0.02065;3
AHRS;5.221;1471044.197;39.8761;-2.3897;25.4971;0.33685;0.05611;0.20046;3
MAGN;5.226;1471044.211;13.25000;-3.62500;-42.31250;3
ACCE;5.228;1471044.207;0.42592;6.26783;7.45298;3
GYRO;5.228;1471044.207;0.02768;0.00288;0.01471;3
MAGN;5.236;1471044.221;13.12500;-3.62500;-42.43750;3
ACCE;5.239;1471044.216;0.43852;6.27665;7.45098;3
GYRO;5.239;1471044.217;0.01473;0.00487;0.00929;3
AHRS;5.241;1471044.216;39.9245;-2.4074;25.5316;0.33725;0.05616;0.20065;3
MAGN;5.246;1471044.231;13.12500;-3.37500;-42.31250;3
ACCE;5.248;1471044.226;0.41288;6.26679;7.48255;3
GYRO;5.248;1471044.227;-0.00016;0.00389;0.00459;3
MAGN;5.256;1471044.241;12.93750;-3.12500;-42.62500;3
ACCE;5.258;1471044.236;0.40655;6.26280;7.50394;3
GYRO;5.259;1471044.237;-0.00565;0.01381;0.00110;3
AHRS;5.260;1471044.236;39.9410;-2.4086;25.5504;0.33738;0.05624;0.20078;3
MAGN;5.266;1471044.251;13.06250;-3.18750;-42.87500;3
ACCE;5.268;1471044.246;0.39341;6.26760;7.53964;3
GYRO;5.269;1471044.247;-0.00756;0.01691;-0.00216;3
MAGN;5.276;1471044.261;13.18750;-3.12500;-42.75000;3
ACCE;5.278;1471044.256;0.39182;6.29241;7.55208;3
GYRO;5.279;1471044.257;-0.00607;0.01360;-0.00539;3
AHRS;5.280;1471044.256;39.9344;-2.3908;25.5528;0.33729;0.05638;0.20086;3
MAGN;5.286;1471044.271;13.25000;-3.06250;-42.81250;3
ACCE;5.287;1471044.266;0.35744;6.32257;7.56130;3
GYRO;5.288;1471044.267;-0.00031;0.01098;-0.00698;3
MAGN;5.296;1471044.280;13.18750;-3.00000;-42.43750;3
ACCE;5.297;1471044.276;0.34767;6.31938;7.56401;3
GYRO;5.298;1471044.277;0.00101;0.00415;-0.00798;3
AHRS;5.300;1471044.276;39.9277;-2.3672;25.5455;0.33720;0.05653;0.20088;3
MAGN;5.305;1471044.290;13.12500;-3.06250;-42.56250;3
ACCE;5.307;1471044.286;0.33354;6.35340;7.58173;3
GYRO;5.308;1471044.287;0.00152;-0.00330;-0.00672;3
MAGN;5.315;1471044.300;13.00000;-3.00000;-42.43750;3
ACCE;5.318;1471044.296;0.31528;6.37453;7.59885;3
GYRO;5.319;1471044.297;0.00208;-0.00937;-0.00661;3
AHRS;5.320;1471044.296;39.9292;-2.3520;25.5346;0.33719;0.05663;0.20083;3
MAGN;5.325;1471044.310;12.93750;-3.12500;-42.12500;3
ACCE;5.327;1471044.306;0.32828;6.39988;7.62418;3
GYRO;5.328;1471044.307;0.00138;-0.00841;-0.00833;3
MAGN;5.336;1471044.320;13.00000;-3.25000;-42.25000;3
ACCE;5.337;1471044.316;0.32220;6.39728;7.66845;3
GYRO;5.338;1471044.317;0.00222;-0.00969;-0.00862;3
AHRS;5.340;1471044.316;39.9318;-2.3538;25.5259;0.33722;0.05659;0.20076;3
MAGN;5.345;1471044.330;13.18750;-3.25000;-42.00000;3
ACCE;5.347;1471044.326;0.32593;6.40855;7.66886;3
GYRO;5.347;1471044.326;0.00398;-0.01426;-0.00819;3
MAGN;5.355;1471044.340;13.00000;-3.06250;-41.81250;3
ACCE;5.357;1471044.336;0.32651;6.41341;7.65591;3
GYRO;5.358;1471044.336;0.00492;-0.01756;-0.01110;3
AHRS;5.360;1471044.336;39.9348;-2.3540;25.5143;0.33725;0.05656;0.20066;3
MAGN;5.365;1471044.350;12.93750;-3.25000;-41.75000;3
ACCE;5.367;1471044.345;0.31731;6.42753;7.65157;3
GYRO;5.368;1471044.346;0.00555;-0.00983;-0.01326;3
MAGN;5.374;1471044.360;13.12500;-3.06250;-41.75000;3
ACCE;5.377;1471044.355;0.30986;6.44338;7.67768;3
GYRO;5.378;1471044.356;0.00429;-0.00606;-0.01237;3
AHRS;5.380;1471044.355;39.9408;-2.3609;25.4990;0.33732;0.05647;0.20051;3
MAGN;5.385;1471044.370;12.87500;-3.18750;-41.75000;3
ACCE;5.387;1471044.365;0.29666;6.43614;7.65218;3
GYRO;5.387;1471044.366;0.00342;-0.00286;-0.01124;3
MAGN;5.395;1471044.380;12.81250;-3.12500;-41.62500;3
ACCE;5.397;1471044.375;0.28027;6.45399;7.65804;3
GYRO;5.400;1471044.376;0.00101;0.00091;-0.00820;3
AHRS;5.405;1471044.375;39.9465;-2.3534;25.4818;0.33736;0.05649;0.20039;3
MAGN;5.407;1471044.390;12.68750;-3.06250;-41.56250;3
ACCE;5.407;1471044.385;0.29012;6.42451;7.66745;3
GYRO;5.407;1471044.386;0.00314;0.00520;-0.00552;3
MAGN;5.415;1471044.400;12.87500;-2.81250;-41.81250;3
ACCE;5.426;1471044.395;0.29743;6.44013;7.71383;3
GYRO;5.426;1471044.396;0.00445;0.00597;-0.00454;3
AHRS;5.427;1471044.395;39.9480;-2.3418;25.4737;0.33735;0.05656;0.20036;3
MAGN;5.468;1471044.409;12.75000;-2.68750;-41.75000;3
ACCE;5.468;1471044.405;0.28276;6.41815;7.72700;3
GYRO;5.468;1471044.406;0.01033;-0.00370;-0.00138;3
MAGN;5.469;1471044.419;12.81250;-2.87500;-41.81250;3
ACCE;5.469;1471044.415;0.28655;6.40019;7.69495;3
GYRO;5.469;1471044.416;0.01712;-0.01375;0.00257;3
AHRS;5.469;1471044.415;39.9533;-2.3280;25.4682;0.33737;0.05667;0.20035;3
MAGN;5.470;1471044.429;13.06250;-3.12500;-41.87500;3
ACCE;5.470;1471044.425;0.30867;6.39432;7.66676;3
GYRO;5.470;1471044.426;0.01897;-0.02114;0.00630;3
LIGH;5.470;1471044.429;0.0;3
MAGN;5.470;1471044.439;12.87500;-3.06250;-41.93750;3
ACCE;5.471;1471044.435;0.30832;6.37687;7.67934;3
GYRO;5.471;1471044.436;0.02475;-0.02391;0.00642;3
AHRS;5.471;1471044.435;39.9727;-2.3442;25.4741;0.33755;0.05659;0.20034;3
MAGN;5.471;1471044.449;12.75000;-3.12500;-41.62500;3
ACCE;5.471;1471044.445;0.30274;6.37159;7.63736;3
GYRO;5.471;1471044.446;0.03136;-0.02716;0.00541;3
SOUN;5.471;139.84;0.00427;46.58
MAGN;5.474;1471044.459;12.93750;-3.25000;-41.81250;3
ACCE;5.476;1471044.455;0.27860;6.38496;7.59130;3
GYRO;5.477;1471044.456;0.02796;-0.03545;0.00702;3
AHRS;5.479;1471044.455;40.0008;-2.3761;25.4862;0.33783;0.05643;0.20032;3
MAGN;5.484;1471044.469;13.06250;-3.25000;-42.06250;3
ACCE;5.486;1471044.465;0.32381;6.37465;7.56517;3
GYRO;5.486;1471044.465;0.02738;-0.03382;0.00723;3
MAGN;5.494;1471044.479;13.18750;-3.18750;-42.00000;3
ACCE;5.496;1471044.475;0.33181;6.37335;7.53246;3
GYRO;5.496;1471044.475;0.02229;-0.03259;0.00635;3
AHRS;5.498;1471044.475;40.0324;-2.4218;25.4995;0.33815;0.05616;0.20026;3
MAGN;5.504;1471044.489;12.87500;-3.37500;-41.81250;3
ACCE;5.505;1471044.484;0.35363;6.34017;7.48658;3
GYRO;5.506;1471044.485;0.01539;-0.03271;0.00443;3
MAGN;5.514;1471044.499;12.81250;-3.62500;-42.06250;3
ACCE;5.516;1471044.494;0.36128;6.34689;7.46599;3
GYRO;5.516;1471044.495;0.00641;-0.03578;0.00136;3
AHRS;5.520;1471044.494;40.0575;-2.4634;25.5146;0.33842;0.05591;0.20024;3
MAGN;5.525;1471044.509;12.68750;-3.62500;-42.18750;3
ACCE;5.526;1471044.504;0.35342;6.35345;7.46860;3
GYRO;5.526;1471044.505;-0.00012;-0.02869;-0.00098;3
MAGN;5.533;1471044.519;12.68750;-3.37500;-42.31250;3
ACCE;5.536;1471044.514;0.34554;6.33344;7.50079;3
GYRO;5.537;1471044.515;-0.00562;-0.02313;-0.00126;3
AHRS;5.538;1471044.514;40.0648;-2.5032;25.5180;0.33855;0.05562;0.20014;3
MAGN;5.544;1471044.529;12.56250;-3.12500;-42.25000;3
ACCE;5.547;1471044.524;0.33037;6.33142;7.52684;3
GYRO;5.547;1471044.525;-0.00644;-0.01852;-0.00134;3
MAGN;5.554;1471044.539;12.50000;-3.25000;-42.37500;3
ACCE;5.556;1471044.534;0.35511;6.32590;7.54752;3
GYRO;5.557;1471044.535;-0.00353;-0.01395;-0.00002;3
AHRS;5.558;1471044.534;40.0585;-2.5255;25.5168;0.33854;0.05543;0.20007;3
MAGN;5.563;1471044.548;12.37500;-3.37500;-42.37500;3
ACCE;5.565;1471044.544;0.34909;6.30006;7.52758;3
GYRO;5.566;1471044.545;0.00183;-0.01066;-0.00199;3
MAGN;5.573;1471044.558;12.37500;-3.25000;-42.06250;3
ACCE;5.576;1471044.554;0.36557;6.32066;7.49851;3
GYRO;5.577;1471044.555;-0.00007;-0.00908;-0.00220;3
AHRS;5.578;1471044.554;40.0544;-2.5386;25.5175;0.33852;0.05532;0.20004;3
MAGN;5.584;1471044.568;12.50000;-3.31250;-42.12500;3
ACCE;5.586;1471044.564;0.33031;6.31135;7.48648;3
GYRO;5.586;1471044.565;-0.00094;-0.00461;-0.00372;3
MAGN;5.593;1471044.578;12.68750;-3.18750;-42.18750;3
ACCE;5.595;1471044.574;0.34437;6.31590;7.45888;3
GYRO;5.596;1471044.575;-0.00250;-0.00124;-0.00344;3
AHRS;5.600;1471044.574;40.0546;-2.5443;25.5154;0.33854;0.05526;0.20001;3
MAGN;5.603;1471044.588;12.93750;-3.06250;-41.75000;3
ACCE;5.605;1471044.584;0.35180;6.33450;7.44353;3
GYRO;5.606;1471044.585;-0.00710;0.00487;-0.00340;3
MAGN;5.613;1471044.598;12.87500;-3.12500;-41.75000;3
ACCE;5.615;1471044.594;0.31379;6.31420;7.43538;3
GYRO;5.616;1471044.594;-0.01850;0.01004;-0.00597;3
AHRS;5.618;1471044.594;40.0530;-2.5388;25.5096;0.33852;0.05529;0.19998;3
MAGN;5.623;1471044.608;12.75000;-3.12500;-41.56250;3
ACCE;5.625;1471044.604;0.35302;6.34312;7.44419;3
GYRO;5.625;1471044.604;-0.02775;0.01016;-0.01115;3
MAGN;5.633;1471044.618;12.87500;-3.31250;-41.62500;3
ACCE;5.635;1471044.613;0.35201;6.36226;7.48635;3
GYRO;5.636;1471044.614;-0.03841;-0.00042;-0.01953;3
AHRS;5.637;1471044.613;40.0321;-2.5180;25.5003;0.33832;0.05539;0.19998;3
MAGN;5.643;1471044.628;13.06250;-3.31250;-41.75000;3
ACCE;5.645;1471044.623;0.28287;6.38829;7.49143;3
GYRO;5.645;1471044.624;-0.04634;-0.00586;-0.02339;3
MAGN;5.653;1471044.638;13.12500;-3.18750;-41.50000;3
ACCE;5.655;1471044.633;0.26241;6.40795;7.52258;3
GYRO;5.658;1471044.634;-0.05177;-0.01307;-0.02093;3
AHRS;5.662;1471044.633;39.9892;-2.4955;25.4697;0.33795;0.05540;0.19984;3
MAGN;5.663;1471044.648;12.93750;-3.31250;-41.68750;3
ACCE;5.665;1471044.643;0.29566;6.40838;7.53241;3
GYRO;5.665;1471044.644;-0.05184;-0.00834;-0.01562;3
MAGN;5.673;1471044.658;12.93750;-3.37500;-41.75000;3
ACCE;5.674;1471044.653;0.33744;6.38727;7.54277;3
GYRO;5.675;1471044.654;-0.05203;0.00367;-0.01435;3
AHRS;5.677;1471044.653;39.9309;-2.4855;25.4360;0.33749;0.05527;0.19965;3
MAGN;5.683;1471044.668;13.00000;-3.56250;-41.68750;3
ACCE;5.685;1471044.663;0.34578;6.35700;7.57602;3
GYRO;5.686;1471044.664;-0.04733;0.02133;-0.01597;3
SOUN;5.689;154.20;0.00471;47.43
MAGN;5.692;1471044.677;12.93750;-3.62500;-41.75000;3
ACCE;5.695;1471044.673;0.35775;6.36710;7.66955;3
GYRO;5.695;1471044.674;-0.03491;0.03777;-0.02232;3
AHRS;5.697;1471044.673;39.8721;-2.4626;25.4154;0.33699;0.05528;0.19960;3
MAGN;5.702;1471044.687;13.00000;-3.37500;-41.75000;3
ACCE;5.705;1471044.683;0.32183;6.39460;7.71019;3
GYRO;5.706;1471044.684;-0.02304;0.04046;-0.02512;3
MAGN;5.712;1471044.697;13.18750;-3.56250;-41.75000;3
ACCE;5.714;1471044.693;0.24925;6.42374;7.74426;3
GYRO;5.715;1471044.694;-0.01009;0.04035;-0.02238;3
AHRS;5.717;1471044.693;39.8333;-2.3938;25.3809;0.33657;0.05566;0.19956;3
MAGN;5.723;1471044.707;13.25000;-3.50000;-41.81250;3
ACCE;5.726;1471044.703;0.22098;6.46040;7.72716;3
GYRO;5.726;1471044.704;-0.00042;0.03342;-0.01391;3
MAGN;5.732;1471044.717;13.12500;-3.31250;-41.93750;3
ACCE;5.734;1471044.713;0.23586;6.45034;7.72069;3
GYRO;5.735;1471044.714;0.00557;0.02869;-0.00471;3
AHRS;5.737;1471044.713;39.8228;-2.3231;25.3479;0.33638;0.05611;0.19951;3
MAGN;5.742;1471044.727;13.31250;-3.18750;-42.00000;3
ACCE;5.744;1471044.723;0.22077;6.43189;7.68042;3
GYRO;5.745;1471044.724;0.00784;0.02484;0.00311;3
MAGN;5.752;1471044.737;13.43750;-3.18750;-41.87500;3
ACCE;5.754;1471044.733;0.25590;6.42751;7.60928;3
GYRO;5.755;1471044.733;0.00164;0.02557;0.00684;3
AHRS;5.757;1471044.733;39.8293;-2.2832;25.3422;0.33637;0.05643;0.19957;3
MAGN;5.763;1471044.747;13.25000;-3.18750;-42.18750;3
ACCE;5.764;1471044.743;0.25854;6.41023;7.58619;3
GYRO;5.764;1471044.743;-0.00407;0.03283;0.00714;3
MAGN;5.772;1471044.757;13.00000;-2.81250;-42.37500;3
ACCE;5.774;1471044.752;0.24125;6.40880;7.65903;3
GYRO;5.774;1471044.753;-0.01182;0.02937;0.01072;3
AHRS;5.776;1471044.752;39.8310;-2.2577;25.3534;0.33633;0.05667;0.19974;3
MAGN;5.787;1471044.767;12.93750;-2.75000;-42.62500;3
ACCE;5.789;1471044.762;0.24948;6.40287;7.74268;3
GYRO;5.790;1471044.763;-0.00935;0.01375;0.01560;3
MAGN;5.792;1471044.777;13.00000;-2.87500;-42.50000;3
ACCE;5.795;1471044.772;0.26461;6.39127;7.76536;3
GYRO;5.795;1471044.773;-0.00501;-0.00490;0.01805;3
LIGH;5.796;1471044.777;1.0;3
AHRS;5.801;1471044.772;39.8164;-2.2297;25.3704;0.33616;0.05691;0.19997;3
MAGN;5.804;1471044.787;12.93750;-2.81250;-42.43750;3
ACCE;5.804;1471044.782;0.26662;6.38446;7.74414;3
GYRO;5.805;1471044.783;0.00471;-0.01417;0.01836;3
MAGN;5.811;1471044.797;12.75000;-2.87500;-42.25000;3
ACCE;5.813;1471044.792;0.28578;6.37336;7.71088;3
GYRO;5.814;1471044.793;0.01328;-0.02290;0.01770;3
AHRS;5.816;1471044.792;39.8102;-2.2487;25.3967;0.33613;0.05683;0.20013;3
MAGN;5.821;1471044.807;12.75000;-3.00000;-42.12500;3
ACCE;5.823;1471044.802;0.29864;6.36782;7.69244;3
GYRO;5.824;1471044.803;0.02157;-0.02414;0.01604;3
MAGN;5.831;1471044.816;12.62500;-3.25000;-42.18750;3
ACCE;5.833;1471044.812;0.29504;6.36631;7.67690;3
GYRO;5.834;1471044.813;0.02697;-0.02384;0.01482;3
AHRS;5.836;1471044.812;39.8247;-2.2895;25.4247;0.33630;0.05661;0.20022;3
MAGN;5.841;1471044.826;12.50000;-3.12500;-42.12500;3
ACCE;5.844;1471044.822;0.26914;6.38253;7.65483;3
GYRO;5.845;1471044.823;0.03389;-0.01248;0.01548;3
MAGN;5.851;1471044.836;12.62500;-3.18750;-42.12500;3
ACCE;5.853;1471044.832;0.30882;6.37828;7.61451;3
GYRO;5.854;1471044.833;0.03676;0.00209;0.01555;3
AHRS;5.856;1471044.832;39.8548;-2.3293;25.4495;0.33660;0.05642;0.20028;3
MAGN;5.862;1471044.846;12.81250;-3.25000;-42.06250;3
ACCE;5.864;1471044.842;0.27881;6.38088;7.60134;3
GYRO;5.864;1471044.843;0.04023;0.02023;0.01468;3
MAGN;5.871;1471044.856;12.87500;-3.56250;-42.06250;3
ACCE;5.873;1471044.852;0.30887;6.35491;7.55017;3
GYRO;5.874;1471044.853;0.03745;0.03068;0.01562;3
AHRS;5.876;1471044.852;39.8963;-2.3404;25.4758;0.33694;0.05649;0.20042;3
MAGN;5.881;1471044.866;12.87500;-3.50000;-42.12500;3
ACCE;5.884;1471044.862;0.31943;6.35767;7.52513;3
GYRO;5.885;1471044.862;0.03225;0.03800;0.01520;3
MAGN;5.891;1471044.876;13.00000;-3.68750;-42.12500;3
ACCE;5.893;1471044.872;0.32518;6.36749;7.47290;3
GYRO;5.894;1471044.872;0.02391;0.04234;0.01470;3
AHRS;5.896;1471044.872;39.9385;-2.3189;25.5024;0.33722;0.05681;0.20066;3
MAGN;5.901;1471044.886;13.00000;-3.62500;-42.18750;3
ACCE;5.903;1471044.881;0.31417;6.38597;7.46727;3
GYRO;5.905;1471044.882;0.01733;0.04358;0.01110;3
MAGN;5.911;1471044.896;13.00000;-3.75000;-42.25000;3
ACCE;5.913;1471044.891;0.30511;6.39253;7.45868;3
GYRO;5.917;1471044.892;0.00740;0.03557;0.00934;3
AHRS;5.920;1471044.891;39.9652;-2.2825;25.5297;0.33736;0.05724;0.20097;3
MAGN;5.922;1471044.906;13.00000;-3.56250;-42.12500;3
ACCE;5.923;1471044.901;0.30524;6.39210;7.46612;3
GYRO;5.925;1471044.902;-0.00077;0.02634;0.00906;3
MAGN;5.931;1471044.916;13.18750;-3.75000;-42.18750;3
ACCE;5.933;1471044.911;0.29534;6.35796;7.47694;3
GYRO;5.934;1471044.912;-0.01552;0.02429;0.00997;3
AHRS;5.935;1471044.911;39.9734;-2.2483;25.5452;0.33736;0.05757;0.20119;3
MAGN;5.941;1471044.926;13.31250;-3.68750;-41.93750;3
ACCE;5.943;1471044.921;0.28650;6.34690;7.51349;3
GYRO;5.944;1471044.922;-0.01709;0.03108;0.00869;3
MAGN;5.951;1471044.936;13.43750;-3.68750;-42.00000;3
ACCE;5.952;1471044.931;0.29370;6.35040;7.55844;3
GYRO;5.953;1471044.932;-0.01545;0.04129;0.00981;3
AHRS;5.955;1471044.931;39.9552;-2.2266;25.5600;0.33717;0.05775;0.20138;3
MAGN;5.961;1471044.946;13.37500;-3.50000;-41.93750;3
ACCE;5.963;1471044.941;0.32891;6.34496;7.57260;3
GYRO;5.964;1471044.942;-0.00555;0.05840;0.00848;3
MAGN;5.970;1471044.955;13.31250;-3.56250;-41.81250;3
ACCE;5.972;1471044.951;0.29448;6.33824;7.58283;3
GYRO;5.973;1471044.952;0.00225;0.06809;0.00661;3
AHRS;5.975;1471044.951;39.9372;-2.1855;25.5747;0.33694;0.05809;0.20164;3
MAGN;5.980;1471044.965;13.37500;-3.43750;-42.00000;3
ACCE;5.985;1471044.961;0.30335;6.35215;7.61857;3
GYRO;5.985;1471044.962;0.01600;0.08538;0.00820;3
MAGN;5.990;1471044.975;13.68750;-3.37500;-42.00000;3
ACCE;5.992;1471044.971;0.29502;6.32866;7.58519;3
GYRO;5.993;1471044.972;0.02686;0.10165;0.00524;3
AHRS;5.994;1471044.971;39.9395;-2.1111;25.5857;0.33682;0.05873;0.20194;3
MAGN;6.001;1471044.985;13.68750;-3.37500;-42.12500;3
ACCE;6.004;1471044.981;0.29759;6.36627;7.54790;3
GYRO;6.005;1471044.982;0.03971;0.12346;0.00368;3
MAGN;6.010;1471044.995;13.81250;-3.50000;-42.37500;3
ACCE;6.013;1471044.991;0.25946;6.36495;7.49418;3
GYRO;6.014;1471044.992;0.04000;0.13324;0.00230;3
AHRS;6.015;1471044.991;39.9702;-1.9977;25.5990;0.33686;0.05973;0.20236;3
SOUN;6.020;187.59;0.00572;49.13
MAGN;6.024;1471045.005;13.81250;-3.62500;-42.37500;3
ACCE;6.025;1471045.001;0.27158;6.37793;7.47187;3
GYRO;6.025;1471045.001;0.02648;0.14216;0.00255;3
MAGN;6.030;1471045.015;13.93750;-3.56250;-42.43750;3
ACCE;6.032;1471045.011;0.19580;6.37960;7.47721;3
GYRO;6.033;1471045.011;0.00819;0.12854;0.00492;3
AHRS;6.034;1471045.011;40.0159;-1.8459;25.6055;0.33696;0.06105;0.20282;3
MAGN;6.043;1471045.025;14.00000;-3.50000;-42.31250;3
ACCE;6.043;1471045.020;0.15203;6.38906;7.53606;3
GYRO;6.044;1471045.021;-0.01566;0.09559;0.01134;3
MAGN;6.050;1471045.035;14.00000;-3.56250;-42.37500;3
ACCE;6.053;1471045.030;0.17575;6.39091;7.55188;3
GYRO;6.053;1471045.031;-0.03950;0.05838;0.01494;3
AHRS;6.055;1471045.030;40.0253;-1.7008;25.6141;0.33677;0.06225;0.20331;3
MAGN;6.060;1471045.045;14.00000;-3.25000;-42.62500;3
ACCE;6.062;1471045.040;0.18934;6.38158;7.52423;3
GYRO;6.062;1471045.041;-0.06077;0.03573;0.01644;3
MAGN;6.070;1471045.055;13.75000;-3.25000;-42.68750;3
ACCE;6.072;1471045.050;0.20977;6.34412;7.53980;3
GYRO;6.073;1471045.051;-0.07863;0.01801;0.01267;3
AHRS;6.076;1471045.050;39.9795;-1.6444;25.6357;0.33629;0.06268;0.20368;3
MAGN;6.080;1471045.065;13.75000;-3.31250;-42.50000;3
ACCE;6.082;1471045.060;0.25018;6.33124;7.57552;3
GYRO;6.082;1471045.061;-0.09601;0.00677;0.01014;3
MAGN;6.089;1471045.075;13.81250;-3.12500;-42.25000;3
ACCE;6.091;1471045.070;0.27101;6.34774;7.62823;3
GYRO;6.092;1471045.071;-0.10512;0.00494;0.00756;3
AHRS;6.094;1471045.070;39.8891;-1.6309;25.6522;0.33554;0.06267;0.20392;3
MAGN;6.101;1471045.084;13.87500;-3.00000;-42.25000;3
ACCE;6.101;1471045.080;0.24949;6.32990;7.67275;3
GYRO;6.103;1471045.081;-0.10280;0.01950;0.00627;3
MAGN;6.109;1471045.094;13.62500;-2.75000;-42.37500;3
ACCE;6.111;1471045.090;0.21651;6.33327;7.72439;3
GYRO;6.112;1471045.091;-0.09655;0.03304;0.01056;3
AHRS;6.115;1471045.090;39.7685;-1.6269;25.6632;0.33456;0.06251;0.20412;3
MAGN;6.119;1471045.104;13.62500;-3.00000;-42.37500;3
ACCE;6.122;1471045.100;0.18777;6.31747;7.78514;3
GYRO;6.123;1471045.101;-0.07690;0.03786;0.01775;3
SOUN;6.130;450.25;0.01374;56.74
MAGN;6.132;1471045.114;13.68750;-3.25000;-42.25000;3
ACCE;6.132;1471045.110;0.22177;6.32842;7.79109;3
GYRO;6.132;1471045.111;-0.05946;0.03248;0.02152;3
AHRS;6.133;1471045.110;39.6576;-1.5937;25.6758;0.33361;0.06261;0.20440;3
MAGN;6.144;1471045.124;13.68750;-3.31250;-42.25000;3
ACCE;6.145;1471045.120;0.25130;6.30535;7.79290;3
GYRO;6.146;1471045.121;-0.04203;0.02667;0.02091;3
LIGH;6.146;1471045.124;1.0;3
MAGN;6.153;1471045.134;13.68750;-3.43750;-42.00000;3
ACCE;6.154;1471045.130;0.23081;6.32194;7.79440;3
GYRO;6.154;1471045.130;-0.02896;0.02058;0.01873;3
AHRS;6.155;1471045.130;39.5889;-1.5725;25.7063;0.33300;0.06274;0.20476;3
MAGN;6.159;1471045.144;13.93750;-3.31250;-41.87500;3
ACCE;6.161;1471045.140;0.24350;6.31708;7.77118;3
GYRO;6.162;1471045.140;-0.02026;0.01658;0.01754;3
MAGN;6.168;1471045.154;13.62500;-3.31250;-41.87500;3
ACCE;6.171;1471045.150;0.25144;6.32975;7.70406;3
GYRO;6.174;1471045.150;-0.01728;0.01134;0.01751;3
AHRS;6.176;1471045.150;39.5552;-1.5631;25.7371;0.33270;0.06284;0.20506;3
MAGN;6.179;1471045.164;13.62500;-3.18750;-42.00000;3
ACCE;6.181;1471045.159;0.24396;6.33415;7.62995;3
GYRO;6.181;1471045.160;-0.02115;0.01098;0.01300;3
MAGN;6.189;1471045.174;13.62500;-3.31250;-41.93750;3
ACCE;6.190;1471045.169;0.25035;6.33913;7.58582;3
GYRO;6.191;1471045.170;-0.02906;0.01819;0.01009;3
AHRS;6.193;1471045.169;39.5349;-1.5635;25.7634;0.33252;0.06288;0.20528;3
MAGN;6.198;1471045.184;13.81250;-3.18750;-41.87500;3
ACCE;6.201;1471045.179;0.25462;6.31956;7.56770;3
GYRO;6.201;1471045.180;-0.04377;0.02037;0.00853;3
MAGN;6.209;1471045.194;13.93750;-3.00000;-42.00000;3
ACCE;6.211;1471045.189;0.18743;6.33412;7.69156;3
GYRO;6.212;1471045.190;-0.04887;0.01979;0.00899;3
AHRS;6.213;1471045.189;39.5014;-1.5487;25.7782;0.33222;0.06297;0.20547;3
MAGN;6.218;1471045.204;13.87500;-2.87500;-42.18750;3
ACCE;6.221;1471045.199;0.17753;6.32389;7.75572;3
GYRO;6.221;1471045.200;-0.04925;-0.00260;0.01470;3
MAGN;6.228;1471045.214;14.00000;-2.75000;-42.00000;3
ACCE;6.230;1471045.209;0.20480;6.31114;7.73614;3
GYRO;6.231;1471045.210;-0.04526;-0.00998;0.01794;3
AHRS;6.238;1471045.209;39.4452;-1.5304;25.7904;0.33173;0.06305;0.20566;3
MAGN;6.240;1471045.223;14.18750;-2.68750;-42.00000;3
ACCE;6.244;1471045.219;0.24684;6.27277;7.67168;3
GYRO;6.245;1471045.220;-0.04494;-0.00691;0.01543;3
MAGN;6.249;1471045.233;14.18750;-2.62500;-41.93750;3
ACCE;6.252;1471045.229;0.27985;6.24108;7.67055;3
GYRO;6.252;1471045.230;-0.04510;0.00267;0.01182;3
AHRS;6.254;1471045.229;39.3930;-1.5549;25.8162;0.33134;0.06283;0.20584;3
MAGN;6.259;1471045.243;14.25000;-2.62500;-42.00000;3
ACCE;6.262;1471045.239;0.31008;6.20800;7.66744;3
GYRO;6.263;1471045.240;-0.04000;0.01473;0.00456;3
MAGN;6.268;1471045.253;14.25000;-2.81250;-42.00000;3
ACCE;6.270;1471045.249;0.29734;6.22462;7.69265;3
GYRO;6.271;1471045.250;-0.03606;0.02522;-0.00215;3
AHRS;6.272;1471045.249;39.3409;-1.5590;25.8328;0.33093;0.06275;0.20600;3
MAGN;6.278;1471045.263;14.25000;-2.87500;-41.75000;3
ACCE;6.280;1471045.259;0.28423;6.24993;7.70147;3
GYRO;6.281;1471045.260;-0.03171;0.03819;-0.00883;3
MAGN;6.288;1471045.273;14.43750;-3.06250;-41.75000;3
ACCE;6.290;1471045.269;0.24191;6.23733;7.70005;3
GYRO;6.290;1471045.269;-0.02936;0.03834;-0.00997;3
AHRS;6.292;1471045.269;39.2997;-1.5243;25.8291;0.33054;0.06294;0.20610;3
MAGN;6.298;1471045.283;14.50000;-3.00000;-41.50000;3
ACCE;6.301;1471045.279;0.14932;6.25341;7.71958;3
GYRO;6.301;1471045.279;-0.02100;0.03653;-0.00618;3
MAGN;6.308;1471045.293;14.18750;-3.00000;-41.37500;3
ACCE;6.310;1471045.288;0.11127;6.29822;7.71476;3
GYRO;6.311;1471045.289;-0.01274;0.03444;0.00166;3
AHRS;6.312;1471045.288;39.2664;-1.4675;25.8141;0.33018;0.06329;0.20617;3
MAGN;6.319;1471045.303;14.12500;-2.93750;-41.56250;3
ACCE;6.321;1471045.298;0.11669;6.28645;7.68932;3
GYRO;6.321;1471045.299;-0.01082;0.03389;0.00904;3
MAGN;6.328;1471045.313;14.12500;-3.12500;-41.68750;3
ACCE;6.330;1471045.308;0.17719;6.25951;7.65355;3
GYRO;6.331;1471045.309;-0.01414;0.02934;0.01115;3
AHRS;6.333;1471045.308;39.2519;-1.4267;25.8172;0.32998;0.06360;0.20633;3
MAGN;6.338;1471045.323;14.06250;-3.25000;-41.75000;3
ACCE;6.341;1471045.318;0.19080;6.25387;7.64128;3
GYRO;6.341;1471045.319;-0.02117;0.02885;0.00730;3
MAGN;6.361;1471045.333;14.06250;-3.12500;-41.75000;3
ACCE;6.362;1471045.328;0.16813;6.26909;7.67209;3
GYRO;6.362;1471045.329;-0.02660;0.02354;0.00312;3
AHRS;6.363;1471045.328;39.2355;-1.4004;25.8341;0.32980;0.06383;0.20655;3
MAGN;6.364;1471045.343;14.06250;-3.12500;-41.81250;3
ACCE;6.364;1471045.338;0.13844;6.27899;7.66927;3
GYRO;6.364;1471045.339;-0.03573;0.01358;0.00075;3
WIFI;6.367;1471031.815;Pixel_6pro;ce:85:13:6b:00:7b;-88
WIFI;6.367;1471031.815;wireless;e0:36:76:1e:5a:d9;-49
WIFI;6.367;1471031.815;MEHAR HOUSE 1;0c:45:ba:2d:a2:14;-85
WIFI;6.367;1471031.815;FAISAL;24:44:27:0c:a0:14;-69
MAGN;6.386;1471045.352;14.00000;-3.00000;-41.93750;3
ACCE;6.387;1471045.348;0.11370;6.30184;7.70347;3
GYRO;6.388;1471045.349;-0.03681;0.00845;0.00037;3
AHRS;6.388;1471045.348;39.2050;-1.3730;25.8388;0.32950;0.06400;0.20669;3
MAGN;6.389;1471045.362;14.00000;-2.75000;-41.81250;3
ACCE;6.389;1471045.358;0.16074;6.29777;7.68906;3
GYRO;6.389;1471045.359;-0.03644;0.00667;-0.00279;3
MAGN;6.390;1471045.372;14.00000;-2.75000;-41.75000;3
ACCE;6.390;1471045.368;0.20797;6.28303;7.69612;3
GYRO;6.390;1471045.369;-0.03358;0.00532;-0.00892;3
AHRS;6.395;1471045.368;39.1628;-1.3600;25.8389;0.32914;0.06403;0.20676;3
MAGN;6.397;1471045.382;14.37500;-2.62500;-41.68750;3
ACCE;6.401;1471045.378;0.20302;6.27294;7.70166;3
GYRO;6.401;1471045.379;-0.03002;0.01386;-0.01403;3
MAGN;6.407;1471045.392;14.43750;-2.68750;-41.62500;3
ACCE;6.409;1471045.388;0.19982;6.28614;7.71798;3
GYRO;6.410;1471045.389;-0.02574;0.02379;-0.01698;3
AHRS;6.411;1471045.388;39.1247;-1.3421;25.8256;0.32881;0.06406;0.20673;3
MAGN;6.423;1471045.402;14.37500;-2.56250;-41.56250;3
ACCE;6.426;1471045.398;0.18450;6.29242;7.73257;3
GYRO;6.428;1471045.399;-0.02162;0.03398;-0.02011;3
MAGN;6.429;1471045.412;14.56250;-2.50000;-41.56250;3
ACCE;6.429;1471045.408;0.14063;6.30531;7.72321;3
GYRO;6.430;1471045.408;-0.02197;0.03571;-0.01986;3
AHRS;6.432;1471045.408;39.0957;-1.2957;25.8006;0.32851;0.06431;0.20669;3
MAGN;6.447;1471045.422;14.50000;-2.62500;-41.50000;3
ACCE;6.448;1471045.418;0.10103;6.32531;7.67470;3
GYRO;6.448;1471045.418;-0.02194;0.03932;-0.01408;3
MAGN;6.448;1471045.432;14.50000;-2.68750;-41.25000;3
ACCE;6.450;1471045.427;0.10227;6.30833;7.65571;3
GYRO;6.450;1471045.428;-0.02405;0.04363;-0.00607;3
AHRS;6.451;1471045.427;39.0710;-1.2331;25.7716;0.32821;0.06468;0.20665;3
MAGN;6.457;1471045.442;14.25000;-2.68750;-41.25000;3
ACCE;6.461;1471045.437;0.13940;6.27964;7.64833;3
SOUN;6.462;362.21;0.01105;54.85
GYRO;6.464;1471045.438;-0.03143;0.04184;-0.00084;3
MAGN;6.467;1471045.452;14.00000;-2.81250;-41.31250;3
ACCE;6.472;1471045.447;0.13802;6.24653;7.66446;3
GYRO;6.472;1471045.448;-0.03431;0.04311;0.00103;3
AHRS;6.475;1471045.447;39.0437;-1.1743;25.7628;0.32789;0.06508;0.20677;3
MAGN;6.477;1471045.462;13.87500;-2.81250;-41.50000;3
ACCE;6.479;1471045.457;0.13373;6.23582;7.73192;3
GYRO;6.483;1471045.458;-0.03313;0.03391;0.00237;3
MAGN;6.486;1471045.472;13.75000;-2.87500;-41.50000;3
ACCE;6.490;1471045.467;0.10291;6.26464;7.79839;3
GYRO;6.490;1471045.468;-0.03154;0.01262;0.00361;3
LIGH;6.494;1471045.472;1.0;3
AHRS;6.496;1471045.467;39.0025;-1.1198;25.7643;0.32746;0.06544;0.20697;3
MAGN;6.502;1471045.482;13.68750;-2.75000;-41.50000;3
ACCE;6.505;1471045.477;0.10128;6.28256;7.83831;3
GYRO;6.505;1471045.478;-0.02808;-0.00925;0.00379;3
MAGN;6.506;1471045.491;13.43750;-2.68750;-41.62500;3
ACCE;6.508;1471045.487;0.09511;6.30536;7.81669;3
GYRO;6.509;1471045.488;-0.02159;-0.01894;0.00489;3
AHRS;6.510;1471045.487;38.9682;-1.1061;25.7695;0.32716;0.06550;0.20707;3
MAGN;6.516;1471045.501;13.25000;-2.75000;-41.68750;3
ACCE;6.519;1471045.497;0.11665;6.28295;7.86268;3
GYRO;6.519;1471045.498;-0.01599;-0.02988;0.00545;3
MAGN;6.526;1471045.511;13.18750;-2.62500;-41.68750;3
ACCE;6.528;1471045.507;0.11072;6.27676;7.87592;3
GYRO;6.529;1471045.508;-0.01096;-0.03264;0.00724;3
AHRS;6.530;1471045.507;38.9433;-1.1291;25.7769;0.32700;0.06529;0.20708;3
MAGN;6.536;1471045.521;13.31250;-2.75000;-41.56250;3
ACCE;6.538;1471045.517;0.12856;6.28528;7.83344;3
GYRO;6.540;1471045.518;-0.00644;-0.01991;0.00754;3
MAGN;6.546;1471045.531;13.43750;-2.81250;-41.68750;3
ACCE;6.548;1471045.527;0.13383;6.29290;7.83642;3
GYRO;6.549;1471045.528;-0.00229;-0.00082;0.00393;3
AHRS;6.550;1471045.527;38.9307;-1.1703;25.7883;0.32697;0.06497;0.20707;3
MAGN;6.556;1471045.541;13.56250;-2.62500;-41.68750;3
ACCE;6.558;1471045.537;0.12205;6.27418;7.86069;3
GYRO;6.559;1471045.537;0.00780;0.00757;0.00361;3
MAGN;6.566;1471045.551;13.50000;-2.50000;-41.50000;3
ACCE;6.568;1471045.547;0.12888;6.25967;7.89472;3
GYRO;6.568;1471045.547;0.01403;-0.00164;0.00428;3
AHRS;6.570;1471045.547;38.9280;-1.1721;25.7949;0.32694;0.06497;0.20712;3
MAGN;6.576;1471045.561;13.31250;-2.56250;-41.50000;3
ACCE;6.578;1471045.556;0.12796;6.23784;7.85273;3
GYRO;6.580;1471045.557;0.02323;-0.00742;0.00412;3
MAGN;6.586;1471045.571;13.31250;-2.62500;-41.62500;3
ACCE;6.588;1471045.566;0.13783;6.23093;7.81285;3
GYRO;6.588;1471045.567;0.03033;-0.01765;0.00435;3
AHRS;6.590;1471045.566;38.9441;-1.1753;25.8025;0.32707;0.06500;0.20716;3
MAGN;6.595;1471045.581;13.50000;-2.81250;-41.50000;3
ACCE;6.597;1471045.576;0.16887;6.22792;7.73149;3
GYRO;6.598;1471045.577;0.03063;-0.02021;0.00365;3
MAGN;6.606;1471045.591;13.62500;-2.81250;-41.50000;3
ACCE;6.608;1471045.586;0.15889;6.23057;7.67936;3
GYRO;6.608;1471045.587;0.02747;-0.01101;-0.00044;3
AHRS;6.610;1471045.586;38.9789;-1.1974;25.8108;0.32739;0.06491;0.20714;3
MAGN;6.616;1471045.601;13.87500;-2.81250;-41.68750;3
ACCE;6.617;1471045.596;0.17097;6.24869;7.66508;3
GYRO;6.618;1471045.597;0.02110;-0.00007;-0.00106;3
MAGN;6.626;1471045.611;13.75000;-2.62500;-41.81250;3
ACCE;6.628;1471045.606;0.15605;6.25581;7.62917;3
GYRO;6.628;1471045.607;0.01325;0.00250;-0.00354;3
AHRS;6.630;1471045.606;39.0104;-1.2074;25.8121;0.32766;0.06489;0.20709;3
MAGN;6.635;1471045.620;13.75000;-2.56250;-41.68750;3
ACCE;6.637;1471045.616;0.15854;6.25000;7.62412;3
GYRO;6.638;1471045.617;0.00805;0.00782;-0.00318;3
MAGN;6.645;1471045.630;13.56250;-2.56250;-41.68750;3
ACCE;6.648;1471045.626;0.14420;6.26341;7.63280;3
GYRO;6.648;1471045.627;0.00272;0.00421;-0.00408;3
AHRS;6.650;1471045.626;39.0257;-1.1987;25.8081;0.32777;0.06498;0.20708;3
MAGN;6.655;1471045.640;13.75000;-2.62500;-41.56250;3
ACCE;6.657;1471045.636;0.14770;6.24562;7.61239;3
GYRO;6.658;1471045.637;-0.00077;0.00298;-0.00302;3
MAGN;6.665;1471045.650;13.93750;-2.56250;-41.56250;3
ACCE;6.667;1471045.646;0.13375;6.25932;7.63406;3
GYRO;6.668;1471045.647;-0.00429;0.00199;-0.00145;3
AHRS;6.669;1471045.646;39.0290;-1.1874;25.8031;0.32778;0.06506;0.20707;3
MAGN;6.675;1471045.660;13.75000;-2.62500;-41.43750;3
ACCE;6.677;1471045.656;0.13951;6.25354;7.65758;3
GYRO;6.681;1471045.657;-0.00372;-0.00257;-0.00175;3
SOUN;6.684;1087.67;0.03319;64.40
MAGN;6.686;1471045.670;13.87500;-2.62500;-41.43750;3
ACCE;6.687;1471045.666;0.13561;6.23553;7.68457;3
GYRO;6.688;1471045.667;-0.00304;-0.00738;-0.00482;3
AHRS;6.689;1471045.666;39.0242;-1.1808;25.8018;0.32773;0.06510;0.20708;3
MAGN;6.695;1471045.680;13.62500;-2.62500;-41.37500;3
ACCE;6.697;1471045.676;0.12179;6.26511;7.67301;3
GYRO;6.698;1471045.676;-0.00351;-0.00333;-0.00620;3
MAGN;6.705;1471045.690;13.50000;-2.62500;-41.37500;3
ACCE;6.707;1471045.686;0.12995;6.27106;7.67767;3
GYRO;6.708;1471045.686;-0.01063;0.00248;-0.00841;3
AHRS;6.709;1471045.686;39.0209;-1.1821;25.7956;0.32771;0.06507;0.20703;3
MAGN;6.715;1471045.700;13.31250;-2.56250;-41.62500;3
ACCE;6.717;1471045.695;0.12109;6.26026;7.66892;3
GYRO;6.718;1471045.696;-0.01436;0.01178;-0.00918;3
MAGN;6.725;1471045.710;13.37500;-2.50000;-41.62500;3
ACCE;6.727;1471045.705;0.12243;6.25537;7.69899;3
GYRO;6.728;1471045.706;-0.01564;0.01475;-0.00696;3
AHRS;6.729;1471045.705;39.0090;-1.1683;25.7838;0.32759;0.06512;0.20698;3
MAGN;6.734;1471045.720;13.50000;-2.75000;-41.81250;3
ACCE;6.737;1471045.715;0.10589;6.26410;7.72319;3
GYRO;6.738;1471045.716;-0.01354;0.01480;-0.00478;3
MAGN;6.745;1471045.730;13.18750;-2.62500;-41.75000;3
ACCE;6.747;1471045.725;0.10565;6.27623;7.72939;3
GYRO;6.748;1471045.726;-0.00895;0.01094;-0.00077;3
AHRS;6.750;1471045.725;38.9913;-1.1419;25.7740;0.32741;0.06527;0.20699;3
MAGN;6.754;1471045.740;13.18750;-2.62500;-41.81250;3
ACCE;6.758;1471045.735;0.09250;6.27254;7.73755;3
GYRO;6.758;1471045.736;-0.00255;-0.00068;0.00257;3
MAGN;6.765;1471045.750;13.37500;-2.56250;-41.81250;3
ACCE;6.767;1471045.745;0.13307;6.24419;7.70593;3
GYRO;6.767;1471045.746;0.00010;-0.01215;0.00475;3
AHRS;6.769;1471045.745;38.9811;-1.1257;25.7736;0.32730;0.06538;0.20704;3
MAGN;6.774;1471045.759;13.43750;-2.56250;-41.81250;3
ACCE;6.777;1471045.755;0.16796;6.24936;7.67748;3
GYRO;6.778;1471045.756;0.00072;-0.01515;0.00424;3
MAGN;6.784;1471045.769;13.56250;-2.62500;-41.81250;3
ACCE;6.786;1471045.765;0.17713;6.24064;7.74588;3
GYRO;6.788;1471045.766;0.00080;-0.02506;0.00483;3
AHRS;6.788;1471045.765;38.9811;-1.1412;25.7814;0.32732;0.06528;0.20706;3
MAGN;6.794;1471045.779;13.56250;-2.81250;-41.87500;3
ACCE;6.798;1471045.775;0.17517;6.23079;7.76196;3
GYRO;6.798;1471045.776;-0.00047;-0.03526;0.00550;3
MAGN;6.804;1471045.789;13.87500;-2.87500;-41.62500;3
ACCE;6.806;1471045.785;0.20165;6.25236;7.77010;3
GYRO;6.807;1471045.786;-0.00182;-0.03875;0.00094;3
AHRS;6.809;1471045.785;38.9819;-1.1716;25.7894;0.32738;0.06506;0.20704;3
MAGN;6.814;1471045.799;14.12500;-3.00000;-41.75000;3
ACCE;6.816;1471045.795;0.21817;6.24028;7.71628;3
GYRO;6.817;1471045.796;-0.00632;-0.03822;-0.00304;3
MAGN;6.824;1471045.809;13.93750;-2.75000;-41.62500;3
ACCE;6.826;1471045.805;0.22463;6.22618;7.69254;3
GYRO;6.827;1471045.805;-0.01304;-0.03299;-0.00709;3
AHRS;6.829;1471045.805;38.9799;-1.2140;25.7917;0.32744;0.06472;0.20693;3
MAGN;6.834;1471045.819;14.18750;-2.93750;-41.87500;3
ACCE;6.837;1471045.815;0.23673;6.22564;7.69384;3
GYRO;6.838;1471045.815;-0.02278;-0.01962;-0.00750;3
LIGH;6.838;1471045.819;1.0;3
MAGN;6.844;1471045.829;14.18750;-2.93750;-41.68750;3
ACCE;6.846;1471045.824;0.19300;6.25978;7.73333;3
GYRO;6.847;1471045.825;-0.02494;-0.00941;-0.00796;3
AHRS;6.848;1471045.824;38.9652;-1.2421;25.7816;0.32738;0.06444;0.20678;3
MAGN;6.854;1471045.839;14.25000;-2.93750;-41.68750;3
ACCE;6.856;1471045.834;0.13483;6.23988;7.79035;3
GYRO;6.856;1471045.835;-0.02527;-0.01286;-0.00202;3
MAGN;6.864;1471045.849;14.06250;-2.75000;-41.68750;3
ACCE;6.866;1471045.844;0.13717;6.23827;7.80984;3
GYRO;6.866;1471045.845;-0.02225;-0.01660;0.00051;3
AHRS;6.868;1471045.844;38.9368;-1.2423;25.7701;0.32715;0.06435;0.20671;3
MAGN;6.873;1471045.859;13.81250;-2.68750;-41.75000;3
ACCE;6.875;1471045.854;0.14085;6.22027;7.76959;3
GYRO;6.876;1471045.855;-0.01904;-0.02429;0.00471;3
MAGN;6.884;1471045.869;13.75000;-2.43750;-42.00000;3
ACCE;6.886;1471045.864;0.14374;6.20504;7.72031;3
GYRO;6.886;1471045.865;-0.02012;-0.03042;0.00750;3
AHRS;6.888;1471045.864;38.9114;-1.2585;25.7711;0.32698;0.06418;0.20669;3
MAGN;6.893;1471045.879;13.62500;-2.50000;-42.06250;3
ACCE;6.896;1471045.874;0.14821;6.21105;7.67307;3
GYRO;6.897;1471045.875;-0.02094;-0.03428;0.00681;3
MAGN;6.904;1471045.889;13.25000;-2.43750;-42.06250;3
ACCE;6.906;1471045.884;0.17655;6.21441;7.64473;3
GYRO;6.906;1471045.885;-0.02155;-0.03222;0.00367;3
AHRS;6.908;1471045.884;38.8882;-1.2970;25.7824;0.32686;0.06386;0.20669;3
MAGN;6.913;1471045.898;13.50000;-2.43750;-42.12500;3
ACCE;6.915;1471045.894;0.14737;6.20673;7.59684;3
GYRO;6.916;1471045.895;-0.02763;-0.02388;0.00014;3
MAGN;6.924;1471045.908;13.50000;-2.43750;-42.12500;3
ACCE;6.925;1471045.904;0.14782;6.21029;7.59628;3
GYRO;6.926;1471045.905;-0.03695;-0.01216;-0.00030;3
AHRS;6.928;1471045.904;38.8635;-1.3340;25.7878;0.32672;0.06353;0.20665;3
MAGN;6.933;1471045.918;13.43750;-2.25000;-42.25000;3
ACCE;6.935;1471045.914;0.18409;6.21185;7.57805;3
GYRO;6.938;1471045.915;-0.03965;-0.00471;-0.00379;3
MAGN;6.943;1471045.928;13.31250;-2.12500;-42.50000;3
ACCE;6.945;1471045.924;0.17821;6.17999;7.58760;3
GYRO;6.946;1471045.925;-0.04384;0.00283;-0.00716;3
AHRS;6.948;1471045.924;38.8212;-1.3440;25.7869;0.32640;0.06337;0.20664;3
MAGN;6.953;1471045.938;13.25000;-2.25000;-42.56250;3
ACCE;6.955;1471045.934;0.20044;6.18068;7.59150;3
GYRO;6.956;1471045.935;-0.04897;0.00712;-0.01018;3
MAGN;6.963;1471045.948;13.50000;-2.18750;-42.56250;3
ACCE;6.966;1471045.944;0.21330;6.18398;7.57947;3
GYRO;6.967;1471045.944;-0.05260;0.01672;-0.01826;3
AHRS;6.968;1471045.944;38.7714;-1.3305;25.7758;0.32598;0.06335;0.20663;3
MAGN;6.973;1471045.958;13.50000;-2.31250;-42.12500;3
ACCE;6.975;1471045.954;0.20435;6.18763;7.58948;3
GYRO;6.975;1471045.954;-0.05290;0.02934;-0.02498;3
MAGN;6.983;1471045.968;13.50000;-2.12500;-42.37500;3
ACCE;6.985;1471045.963;0.19705;6.19666;7.60609;3
GYRO;6.985;1471045.964;-0.06185;0.03374;-0.02761;3
AHRS;6.987;1471045.963;38.7117;-1.2906;25.7481;0.32545;0.06348;0.20656;3
MAGN;6.993;1471045.978;13.50000;-2.00000;-42.12500;3
ACCE;6.995;1471045.973;0.17718;6.19661;7.61124;3
GYRO;6.995;1471045.974;-0.06863;0.03306;-0.02941;3
MAGN;7.003;1471045.988;13.31250;-1.81250;-41.93750;3
ACCE;7.005;1471045.983;0.19055;6.19806;7.64865;3
GYRO;7.006;1471045.984;-0.07187;0.03229;-0.02806;3
AHRS;7.007;1471045.983;38.6417;-1.2226;25.7064;0.32479;0.06378;0.20647;3
MAGN;7.012;1471045.998;13.37500;-1.75000;-42.12500;3
ACCE;7.016;1471045.993;0.16349;6.19594;7.67914;3
GYRO;7.017;1471045.994;-0.07896;0.02618;-0.02583;3
SOUN;7.017;578.07;0.01764;58.91
MAGN;7.025;1471046.008;13.31250;-1.81250;-42.18750;3
ACCE;7.025;1471046.003;0.16255;6.21072;7.69618;3
GYRO;7.026;1471046.004;-0.08207;0.03081;-0.02372;3
AHRS;7.027;1471046.003;38.5600;-1.1556;25.6640;0.32404;0.06405;0.20638;3
MAGN;7.033;1471046.018;13.43750;-1.87500;-42.00000;3
ACCE;7.034;1471046.013;0.13885;6.19465;7.70042;3
GYRO;7.035;1471046.014;-0.08512;0.04355;-0.01939;3
MAGN;7.042;1471046.027;13.68750;-1.68750;-42.00000;3
ACCE;7.045;1471046.023;0.12592;6.19760;7.77832;3
GYRO;7.046;1471046.024;-0.08357;0.05053;-0.01487;3
AHRS;7.048;1471046.023;38.4667;-1.0944;25.6308;0.32320;0.06427;0.20635;3
MAGN;7.052;1471046.037;13.68750;-1.75000;-41.93750;3
ACCE;7.055;1471046.033;0.09653;6.21396;7.86723;3
GYRO;7.056;1471046.034;-0.07001;0.05456;-0.00995;3
MAGN;7.062;1471046.047;13.68750;-1.62500;-42.06250;3
ACCE;7.065;1471046.043;0.04974;6.21728;7.93371;3
GYRO;7.066;1471046.044;-0.05383;0.05487;-0.00393;3
AHRS;7.066;1471046.043;38.3713;-1.0188;25.6077;0.32231;0.06464;0.20645;3
MAGN;7.073;1471046.057;13.62500;-1.81250;-41.81250;3
ACCE;7.074;1471046.053;0.01809;6.21376;7.97740;3
GYRO;7.075;1471046.054;-0.03480;0.05362;0.00056;3
MAGN;7.085;1471046.067;13.81250;-2.00000;-41.81250;3
ACCE;7.085;1471046.063;0.04288;6.22600;7.99732;3
GYRO;7.085;1471046.064;-0.01772;0.04506;0.00449;3
AHRS;7.086;1471046.063;38.3098;-0.9488;25.6046;0.32169;0.06508;0.20666;3
MAGN;7.092;1471046.077;14.12500;-2.12500;-42.06250;3
ACCE;7.094;1471046.073;0.06720;6.19735;7.96957;3
GYRO;7.094;1471046.073;-0.00267;0.03983;0.00527;3
MAGN;7.102;1471046.087;14.12500;-2.06250;-41.93750;3
ACCE;7.104;1471046.083;0.11038;6.18780;7.91216;3
GYRO;7.105;1471046.083;0.00581;0.03288;0.00061;3
AHRS;7.106;1471046.083;38.2896;-0.8982;25.6117;0.32143;0.06547;0.20688;3
MAGN;7.112;1471046.097;14.25000;-2.12500;-41.87500;3
ACCE;7.114;1471046.093;0.12403;6.20664;7.86280;3
GYRO;7.115;1471046.093;-0.00052;0.02625;-0.00319;3
MAGN;7.121;1471046.107;14.18750;-2.12500;-41.93750;3
SOUN;7.124;372.10;0.01136;55.08
ACCE;7.125;1471046.102;0.10315;6.18947;7.83632;3
GYRO;7.125;1471046.103;-0.00384;0.03182;-0.00721;3
AHRS;7.126;1471046.102;38.2964;-0.8583;25.6136;0.32141;0.06581;0.20700;3
MAGN;7.132;1471046.117;14.00000;-2.37500;-41.75000;3
ACCE;7.134;1471046.112;0.10187;6.17655;7.85113;3
GYRO;7.134;1471046.113;-0.00853;0.03332;-0.00677;3
MAGN;7.142;1471046.127;14.06250;-2.25000;-41.50000;3
ACCE;7.144;1471046.122;0.05640;6.20261;7.87995;3
GYRO;7.145;1471046.123;-0.01574;0.02519;-0.00496;3
AHRS;7.146;1471046.122;38.2922;-0.8124;25.6039;0.32130;0.06614;0.20705;3
MAGN;7.151;1471046.137;14.00000;-2.18750;-41.50000;3
ACCE;7.154;1471046.132;0.03401;6.18603;7.90667;3
GYRO;7.154;1471046.133;-0.01346;0.01792;-0.00066;3
MAGN;7.162;1471046.147;14.06250;-2.06250;-41.50000;3
ACCE;7.164;1471046.142;0.04529;6.16597;7.89398;3
GYRO;7.165;1471046.143;-0.00969;0.01292;0.00564;3
AHRS;7.166;1471046.142;38.2742;-0.7762;25.5972;0.32109;0.06638;0.20711;3
MAGN;7.171;1471046.157;14.12500;-1.81250;-41.56250;3
ACCE;7.174;1471046.152;0.02221;6.15708;7.86840;3
GYRO;7.174;1471046.153;-0.00429;0.01271;0.01227;3
MAGN;7.182;1471046.166;14.06250;-1.87500;-41.62500;3
ACCE;7.184;1471046.162;0.04966;6.12892;7.79041;3
GYRO;7.186;1471046.163;-0.00162;0.00731;0.01681;3
LIGH;7.186;1471046.166;0.0;3
AHRS;7.189;1471046.162;38.2626;-0.7628;25.6096;0.32097;0.06650;0.20726;3
MAGN;7.191;1471046.176;14.00000;-1.81250;-41.43750;3
ACCE;7.193;1471046.172;0.09893;6.11507;7.75515;3
GYRO;7.197;1471046.173;-0.00384;0.00093;0.02077;3
MAGN;7.201;1471046.186;13.87500;-1.75000;-41.50000;3
ACCE;7.206;1471046.182;0.15365;6.09411;7.70676;3
GYRO;7.207;1471046.183;-0.00503;-0.00248;0.01955;3
AHRS;7.208;1471046.182;38.2606;-0.7666;25.6337;0.32095;0.06654;0.20744;3
MAGN;7.211;1471046.196;13.68750;-1.81250;-41.62500;3
ACCE;7.213;1471046.192;0.15331;6.05755;7.67898;3
GYRO;7.214;1471046.193;-0.00564;0.00482;0.01447;3
MAGN;7.221;1471046.206;13.62500;-1.75000;-41.75000;3
ACCE;7.224;1471046.202;0.15182;6.07714;7.65803;3
GYRO;7.225;1471046.203;-0.01103;0.01007;0.00977;3
AHRS;7.225;1471046.202;38.2547;-0.7843;25.6631;0.32092;0.06646;0.20763;3
MAGN;7.231;1471046.216;13.75000;-1.75000;-41.93750;3
ACCE;7.233;1471046.212;0.14696;6.09279;7.65235;3
GYRO;7.235;1471046.212;-0.01609;0.01230;0.00274;3
MAGN;7.241;1471046.226;14.06250;-1.93750;-41.81250;3
ACCE;7.243;1471046.222;0.10963;6.08650;7.66327;3
GYRO;7.244;1471046.222;-0.02529;0.01881;-0.00103;3
AHRS;7.246;1471046.222;38.2420;-0.7786;25.6780;0.32079;0.06653;0.20778;3
MAGN;7.251;1471046.236;14.12500;-2.00000;-41.75000;3
ACCE;7.254;1471046.231;0.10415;6.09146;7.66689;3
GYRO;7.254;1471046.232;-0.03074;0.02780;-0.00297;3
MAGN;7.261;1471046.246;14.12500;-2.00000;-41.87500;3
ACCE;7.264;1471046.241;0.09490;6.10856;7.66663;3
GYRO;7.264;1471046.242;-0.04299;0.03285;-0.00213;3
AHRS;7.265;1471046.241;38.2131;-0.7529;25.6768;0.32052;0.06668;0.20786;3
MAGN;7.271;1471046.256;13.87500;-1.87500;-41.81250;3
ACCE;7.273;1471046.251;0.12480;6.10345;7.69713;3
GYRO;7.274;1471046.252;-0.04698;0.03801;-0.00447;3
MAGN;7.281;1471046.266;14.06250;-2.00000;-41.87500;3
ACCE;7.284;1471046.261;0.13408;6.11144;7.75548;3
GYRO;7.284;1471046.262;-0.05405;0.03520;-0.00607;3
AHRS;7.286;1471046.261;38.1639;-0.7101;25.6738;0.32004;0.06692;0.20799;3
MAGN;7.290;1471046.276;14.18750;-1.93750;-41.68750;3
ACCE;7.292;1471046.271;0.09282;6.12322;7.80239;3
GYRO;7.293;1471046.272;-0.05536;0.02806;-0.00991;3
MAGN;7.301;1471046.286;14.31250;-1.75000;-41.62500;3
ACCE;7.303;1471046.281;0.06394;6.13979;7.88165;3
GYRO;7.303;1471046.282;-0.04927;0.01723;-0.01145;3
AHRS;7.305;1471046.281;38.1022;-0.6609;25.6649;0.31947;0.06718;0.20810;3
MAGN;7.310;1471046.295;14.43750;-1.68750;-41.62500;3
ACCE;7.313;1471046.291;0.04033;6.16762;7.90328;3
GYRO;7.314;1471046.292;-0.04580;0.00677;-0.01269;3
MAGN;7.320;1471046.305;14.31250;-1.75000;-41.75000;3
ACCE;7.322;1471046.301;0.03240;6.18731;7.92576;3
GYRO;7.323;1471046.302;-0.03890;0.00323;-0.01176;3
AHRS;7.325;1471046.301;38.0460;-0.6276;25.6482;0.31896;0.06730;0.20809;3
MAGN;7.330;1471046.315;14.18750;-1.68750;-41.87500;3
ACCE;7.332;1471046.311;0.06398;6.19953;7.92239;3
GYRO;7.333;1471046.312;-0.03637;0.00360;-0.01227;3
MAGN;7.340;1471046.325;14.06250;-1.56250;-42.06250;3
ACCE;7.342;1471046.321;0.07913;6.20836;7.93798;3
GYRO;7.343;1471046.322;-0.03384;0.01047;-0.01311;3
AHRS;7.345;1471046.321;38.0017;-0.6101;25.6314;0.31858;0.06731;0.20804;3
MAGN;7.350;1471046.335;14.12500;-1.50000;-41.93750;3
ACCE;7.352;1471046.331;0.08235;6.19413;7.91322;3
GYRO;7.353;1471046.332;-0.03156;0.01457;-0.01543;3
MAGN;7.360;1471046.345;14.25000;-1.62500;-41.87500;3
ACCE;7.363;1471046.341;0.10285;6.18130;7.93055;3
GYRO;7.364;1471046.342;-0.02459;0.02374;-0.01836;3
AHRS;7.365;1471046.341;37.9631;-0.5833;25.6127;0.31824;0.06740;0.20799;3
MAGN;7.370;1471046.355;14.06250;-1.68750;-41.93750;3
ACCE;7.372;1471046.351;0.07636;6.15801;7.90982;3
GYRO;7.373;1471046.351;-0.01101;0.03121;-0.01950;3
MAGN;7.380;1471046.365;14.00000;-1.68750;-42.12500;3
ACCE;7.382;1471046.361;0.00768;6.16483;7.90675;3
GYRO;7.383;1471046.361;-0.00255;0.03547;-0.01681;3
AHRS;7.385;1471046.361;37.9353;-0.5366;25.5866;0.31794;0.06765;0.20793;3
MAGN;7.390;1471046.375;14.06250;-1.68750;-41.93750;3
ACCE;7.392;1471046.370;-0.00608;6.15131;7.93163;3
GYRO;7.392;1471046.371;0.00487;0.03189;-0.01103;3
MAGN;7.400;1471046.385;14.12500;-1.68750;-41.75000;3
ACCE;7.402;1471046.380;-0.00668;6.17640;7.93925;3
GYRO;7.403;1471046.381;0.00532;0.02168;-0.00185;3
AHRS;7.404;1471046.380;37.9328;-0.4780;25.5630;0.31783;0.06806;0.20790;3
MAGN;7.410;1471046.395;14.18750;-1.75000;-41.75000;3
ACCE;7.412;1471046.390;-0.00607;6.15407;7.90700;3
GYRO;7.413;1471046.391;0.00450;0.00466;0.00710;3
MAGN;7.425;1471046.405;13.93750;-1.75000;-41.75000;3
ACCE;7.427;1471046.400;0.05730;6.13878;7.89931;3
GYRO;7.428;1471046.401;-0.00131;-0.01353;0.01286;3
AHRS;7.430;1471046.400;37.9390;-0.4488;25.5613;0.31783;0.06830;0.20796;3
MAGN;7.458;1471046.415;14.31250;-1.81250;-41.56250;3
ACCE;7.458;1471046.410;0.07297;6.12133;7.92790;3
GYRO;7.459;1471046.411;-0.00579;-0.02887;0.01627;3
MAGN;7.460;1471046.425;14.12500;-1.75000;-41.56250;3
ACCE;7.461;1471046.420;0.07346;6.10688;7.97004;3
GYRO;7.461;1471046.421;-0.00496;-0.03438;0.01539;3
AHRS;7.461;1471046.420;37.9374;-0.4729;25.5808;0.31785;0.06815;0.20805;3
MAGN;7.461;1471046.434;14.25000;-1.62500;-41.62500;3
ACCE;7.461;1471046.430;0.06167;6.10737;7.94919;3
GYRO;7.461;1471046.431;-0.00623;-0.03513;0.01630;3
SOUN;7.462;531.80;0.01623;58.19
MAGN;7.465;1471046.444;14.18750;-1.62500;-41.62500;3
ACCE;7.465;1471046.440;0.07684;6.11421;7.90995;3
GYRO;7.466;1471046.441;-0.00180;-0.02449;0.01468;3
AHRS;7.466;1471046.440;37.9317;-0.5232;25.6038;0.31788;0.06780;0.20810;3
MAGN;7.469;1471046.454;14.31250;-1.68750;-41.81250;3
ACCE;7.471;1471046.450;0.08892;6.11199;7.88003;3
GYRO;7.472;1471046.451;0.00515;-0.00496;0.01234;3
MAGN;7.479;1471046.464;14.31250;-1.68750;-42.06250;3
ACCE;7.481;1471046.460;0.11004;6.14053;7.85957;3
GYRO;7.482;1471046.461;0.00925;0.00850;0.00986;3
AHRS;7.483;1471046.460;37.9296;-0.5614;25.6260;0.31792;0.06755;0.20818;3
MAGN;7.489;1471046.474;14.31250;-1.81250;-42.25000;3
ACCE;7.491;1471046.470;0.11732;6.13464;7.86086;3
GYRO;7.491;1471046.471;0.00827;0.01264;0.00157;3
MAGN;7.499;1471046.484;14.25000;-1.81250;-42.12500;3
ACCE;7.501;1471046.480;0.06613;6.13943;7.79451;3
GYRO;7.501;1471046.480;0.01061;0.01253;-0.00387;3
AHRS;7.503;1471046.480;37.9402;-0.5578;25.6413;0.31799;0.06764;0.20830;3
MAGN;7.509;1471046.494;14.43750;-1.75000;-42.31250;3
ACCE;7.510;1471046.490;0.06388;6.12113;7.75652;3
GYRO;7.511;1471046.490;0.00885;0.00956;-0.00777;3
MAGN;7.519;1471046.504;14.25000;-1.68750;-42.25000;3
ACCE;7.521;1471046.499;0.03908;6.12772;7.76855;3
GYRO;7.522;1471046.500;0.00141;0.01883;-0.00833;3
AHRS;7.524;1471046.499;37.9526;-0.5372;25.6367;0.31805;0.06782;0.20831;3
MAGN;7.529;1471046.514;14.43750;-1.87500;-42.25000;3
ACCE;7.532;1471046.509;0.01695;6.11554;7.82140;3
GYRO;7.534;1471046.510;0.00086;0.02220;-0.00513;3
LIGH;7.534;1471046.514;1.0;3
MAGN;7.539;1471046.524;14.43750;-1.75000;-42.12500;3
ACCE;7.541;1471046.519;0.05067;6.10944;7.81739;3
GYRO;7.542;1471046.520;0.00442;0.01676;-0.00571;3
AHRS;7.543;1471046.519;37.9543;-0.5052;25.6253;0.31802;0.06805;0.20831;3
MAGN;7.549;1471046.534;14.56250;-1.87500;-42.18750;3
ACCE;7.551;1471046.529;0.08597;6.09530;7.78981;3
GYRO;7.551;1471046.530;0.00534;0.01576;-0.00689;3
MAGN;7.559;1471046.544;14.37500;-1.87500;-41.75000;3
ACCE;7.561;1471046.539;0.12778;6.07769;7.74480;3
GYRO;7.562;1471046.540;0.00920;0.01606;-0.01215;3
AHRS;7.564;1471046.539;37.9597;-0.4781;25.6180;0.31801;0.06826;0.20832;3
MAGN;7.568;1471046.554;14.43750;-2.00000;-41.62500;3
ACCE;7.570;1471046.549;0.12740;6.08849;7.69237;3
GYRO;7.571;1471046.550;0.00546;0.01557;-0.01714;3
MAGN;7.579;1471046.563;14.43750;-1.81250;-41.56250;3
ACCE;7.582;1471046.559;0.10445;6.11037;7.68325;3
GYRO;7.582;1471046.560;-0.00024;0.01784;-0.02030;3
AHRS;7.582;1471046.559;37.9704;-0.4461;25.6012;0.31805;0.06849;0.20827;3
MAGN;7.588;1471046.573;14.37500;-1.75000;-41.56250;3
ACCE;7.591;1471046.569;0.07228;6.12766;7.70560;3
GYRO;7.591;1471046.570;-0.00515;0.01979;-0.02140;3
MAGN;7.598;1471046.583;14.43750;-1.81250;-41.25000;3
ACCE;7.601;1471046.579;0.04221;6.14966;7.78087;3
GYRO;7.602;1471046.580;-0.00754;0.02149;-0.01730;3
AHRS;7.603;1471046.579;37.9704;-0.4046;25.5724;0.31799;0.06874;0.20815;3
MAGN;7.608;1471046.593;14.50000;-1.93750;-41.12500;3
ACCE;7.610;1471046.589;0.01720;6.16850;7.82015;3
GYRO;7.611;1471046.590;-0.00606;0.01616;-0.01171;3
MAGN;7.619;1471046.603;14.37500;-2.06250;-41.31250;3
ACCE;7.621;1471046.599;0.02435;6.15965;7.79835;3
GYRO;7.621;1471046.600;-0.00356;0.01377;-0.00843;3
AHRS;7.623;1471046.599;37.9621;-0.3616;25.5482;0.31786;0.06901;0.20808;3
MAGN;7.628;1471046.613;14.43750;-2.18750;-41.50000;3
ACCE;7.632;1471046.609;0.05238;6.14856;7.79744;3
GYRO;7.633;1471046.610;0.00051;0.01616;-0.00831;3
MAGN;7.641;1471046.623;14.50000;-1.93750;-41.56250;3
ACCE;7.642;1471046.619;0.07317;6.12650;7.79866;3
GYRO;7.643;1471046.619;0.00154;0.02644;-0.01100;3
AHRS;7.644;1471046.619;37.9583;-0.3354;25.5366;0.31779;0.06918;0.20807;3
MAGN;7.648;1471046.633;14.68750;-1.93750;-41.56250;3
ACCE;7.650;1471046.629;0.05169;6.12516;7.79291;3
GYRO;7.650;1471046.629;0.00206;0.03611;-0.01360;3
MAGN;7.658;1471046.643;14.62500;-1.87500;-41.75000;3
ACCE;7.660;1471046.638;0.05723;6.13323;7.81650;3
GYRO;7.662;1471046.639;0.00187;0.04025;-0.01721;3
AHRS;7.663;1471046.638;37.9602;-0.2925;25.5215;0.31774;0.06949;0.20806;3
MAGN;7.668;1471046.653;14.75000;-1.87500;-41.56250;3
ACCE;7.670;1471046.648;0.02209;6.13920;7.86081;3
GYRO;7.670;1471046.649;0.00232;0.03871;-0.01772;3
SOUN;7.674;1123.40;0.03428;64.68
MAGN;7.678;1471046.663;14.81250;-1.87500;-41.56250;3
ACCE;7.680;1471046.658;0.03225;6.13640;7.89176;3
GYRO;7.681;1471046.659;0.00332;0.02806;-0.01723;3
AHRS;7.683;1471046.658;37.9625;-0.2280;25.4972;0.31765;0.06994;0.20804;3
MAGN;7.688;1471046.673;14.81250;-1.81250;-41.75000;3
ACCE;7.690;1471046.668;0.11526;6.11490;7.93712;3
GYRO;7.690;1471046.669;0.00269;0.00677;-0.02065;3
MAGN;7.699;1471046.683;14.68750;-1.62500;-41.87500;3
ACCE;7.700;1471046.678;0.06391;6.10643;7.92254;3
GYRO;7.701;1471046.679;0.00168;-0.00894;-0.02810;3
AHRS;7.702;1471046.678;37.9665;-0.1776;25.4729;0.31761;0.07029;0.20798;3
MAGN;7.707;1471046.693;14.56250;-1.56250;-41.75000;3
ACCE;7.709;1471046.688;0.02076;6.12962;7.91019;3
GYRO;7.713;1471046.689;0.00522;-0.00892;-0.02318;3
MAGN;7.718;1471046.702;14.56250;-1.50000;-41.81250;3
ACCE;7.720;1471046.698;0.04890;6.10938;7.92213;3
GYRO;7.721;1471046.699;0.00976;-0.00791;-0.02147;3
AHRS;7.722;1471046.698;37.9687;-0.1600;25.4330;0.31762;0.07032;0.20771;3
MAGN;7.727;1471046.712;14.43750;-1.50000;-41.56250;3
ACCE;7.729;1471046.708;0.07906;6.09770;7.92401;3
GYRO;7.730;1471046.709;0.01763;-0.00150;-0.02475;3
MAGN;7.737;1471046.722;14.62500;-1.56250;-41.68750;3
ACCE;7.740;1471046.718;0.04845;6.09866;7.89587;3
GYRO;7.740;1471046.719;0.02224;-0.00182;-0.02461;3
AHRS;7.742;1471046.718;37.9801;-0.1469;25.4026;0.31771;0.07036;0.20750;3
MAGN;7.747;1471046.732;14.68750;-1.62500;-41.37500;3
ACCE;7.749;1471046.728;0.05681;6.08613;7.89030;3
GYRO;7.750;1471046.729;0.03074;0.00047;-0.02335;3
MAGN;7.757;1471046.742;14.50000;-1.75000;-41.56250;3
ACCE;7.761;1471046.738;0.04082;6.11794;7.83678;3
GYRO;7.761;1471046.739;0.03655;0.00328;-0.02143;3
AHRS;7.762;1471046.738;38.0059;-0.1241;25.3677;0.31789;0.07050;0.20726;3
MAGN;7.767;1471046.752;14.56250;-1.75000;-41.56250;3
ACCE;7.769;1471046.748;-0.00071;6.15797;7.79436;3
GYRO;7.770;1471046.748;0.04044;0.00482;-0.01730;3
MAGN;7.777;1471046.762;14.50000;-1.87500;-41.43750;3
ACCE;7.780;1471046.758;-0.04107;6.16804;7.76796;3
GYRO;7.781;1471046.758;0.03807;0.00450;-0.01115;3
AHRS;7.781;1471046.758;38.0478;-0.0983;25.3374;0.31820;0.07070;0.20706;3
MAGN;7.787;1471046.772;14.25000;-1.81250;-41.43750;3
ACCE;7.790;1471046.767;-0.04856;6.21082;7.75860;3
GYRO;7.790;1471046.768;0.03737;0.00721;-0.00850;3
MAGN;7.797;1471046.782;14.43750;-1.75000;-41.43750;3
ACCE;7.799;1471046.777;-0.06560;6.23356;7.77415;3
GYRO;7.800;1471046.778;0.03032;0.00937;-0.00314;3
AHRS;7.801;1471046.777;38.0917;-0.0803;25.3219;0.31854;0.07088;0.20696;3
MAGN;7.807;1471046.792;14.31250;-1.87500;-41.37500;3
ACCE;7.809;1471046.787;-0.08785;6.22547;7.79354;3
GYRO;7.809;1471046.788;0.02649;0.01152;0.00457;3
MAGN;7.817;1471046.802;14.06250;-1.81250;-41.50000;3
ACCE;7.819;1471046.797;-0.12077;6.23244;7.74234;3
GYRO;7.820;1471046.798;0.02143;0.01449;0.01264;3
AHRS;7.821;1471046.797;38.1265;-0.0639;25.3182;0.31879;0.07106;0.20695;3
MAGN;7.827;1471046.812;14.12500;-1.68750;-41.43750;3
ACCE;7.829;1471046.807;-0.10738;6.23740;7.73192;3
GYRO;7.830;1471046.808;0.01499;0.02330;0.01733;3
MAGN;7.837;1471046.822;14.18750;-1.68750;-41.56250;3
ACCE;7.839;1471046.817;-0.08799;6.22652;7.67653;3
GYRO;7.840;1471046.818;0.00658;0.03018;0.01759;3
AHRS;7.841;1471046.817;38.1513;-0.0558;25.3374;0.31896;0.07123;0.20711;3
MAGN;7.846;1471046.832;14.18750;-1.68750;-41.50000;3
ACCE;7.848;1471046.827;-0.03935;6.20539;7.65530;3
GYRO;7.849;1471046.828;-0.00211;0.04077;0.01522;3
MAGN;7.857;1471046.841;14.12500;-1.93750;-41.37500;3
ACCE;7.858;1471046.837;-0.00743;6.16016;7.63799;3
GYRO;7.860;1471046.838;-0.01691;0.03826;0.00878;3
AHRS;7.861;1471046.837;38.1590;-0.0341;25.3638;0.31897;0.07149;0.20738;3
MAGN;7.866;1471046.851;14.12500;-1.87500;-41.31250;3
ACCE;7.868;1471046.847;0.03084;6.13867;7.60014;3
GYRO;7.869;1471046.848;-0.03121;0.03286;-0.00218;3
MAGN;7.876;1471046.861;14.43750;-2.00000;-41.43750;3
ACCE;7.879;1471046.857;0.01186;6.12748;7.56072;3
GYRO;7.880;1471046.858;-0.04501;0.02770;-0.01171;3
LIGH;7.881;1471046.861;0.0;3
AHRS;7.883;1471046.857;38.1388;0.0066;25.3809;0.31872;0.07183;0.20765;3
MAGN;7.886;1471046.871;14.50000;-1.87500;-41.50000;3
ACCE;7.889;1471046.867;0.01274;6.11716;7.52862;3
GYRO;7.890;1471046.868;-0.06475;0.02571;-0.01672;3
MAGN;7.896;1471046.881;14.56250;-1.81250;-41.31250;3
ACCE;7.898;1471046.877;-0.03548;6.08845;7.52089;3
GYRO;7.900;1471046.878;-0.08393;0.03070;-0.01510;3
AHRS;7.901;1471046.877;38.0901;0.0495;25.3655;0.31826;0.07204;0.20767;3
MAGN;7.906;1471046.891;14.87500;-2.00000;-41.50000;3
ACCE;7.908;1471046.887;-0.05257;6.08846;7.50174;3
GYRO;7.909;1471046.887;-0.10381;0.03138;-0.01452;3
MAGN;7.915;1471046.901;14.62500;-1.93750;-41.50000;3
ACCE;7.919;1471046.897;-0.05163;6.11634;7.49392;3
GYRO;7.920;1471046.897;-0.12104;0.03992;-0.01344;3
AHRS;7.921;1471046.897;37.9940;0.1010;25.3443;0.31741;0.07222;0.20770;3
MAGN;7.926;1471046.911;14.43750;-1.81250;-41.56250;3
ACCE;7.928;1471046.906;-0.16854;6.11041;7.48816;3
GYRO;7.929;1471046.907;-0.14118;0.05887;-0.00400;3
MAGN;7.936;1471046.921;14.50000;-1.62500;-41.56250;3
ACCE;7.938;1471046.916;-0.26602;6.13026;7.43563;3
GYRO;7.939;1471046.917;-0.16239;0.08725;0.01218;3
AHRS;7.940;1471046.916;37.8555;0.1613;25.3290;0.31619;0.07242;0.20783;3
MAGN;7.946;1471046.931;14.62500;-1.43750;-41.62500;3
ACCE;7.948;1471046.926;-0.34681;6.16132;7.29350;3
GYRO;7.948;1471046.927;-0.19000;0.13617;0.02510;3
MAGN;7.956;1471046.941;14.56250;-1.56250;-41.56250;3
ACCE;7.958;1471046.936;-0.48398;6.23510;7.07668;3
GYRO;7.958;1471046.937;-0.23717;0.19778;0.03937;3
AHRS;7.960;1471046.936;37.6698;0.2529;25.3510;0.31451;0.07288;0.20837;3
MAGN;7.966;1471046.951;14.56250;-1.31250;-41.31250;3
ACCE;7.968;1471046.946;-0.65101;6.31621;6.78167;3
GYRO;7.971;1471046.947;-0.30027;0.26840;0.06515;3
MAGN;7.976;1471046.961;14.43750;-1.31250;-41.18750;3
ACCE;7.979;1471046.956;-0.88857;6.36341;6.63343;3
GYRO;7.980;1471046.957;-0.38868;0.36533;0.12163;3
AHRS;7.982;1471046.956;37.3986;0.4466;25.4135;0.31194;0.07412;0.20957;3
MAGN;7.986;1471046.970;14.50000;-1.25000;-41.00000;3
ACCE;7.989;1471046.966;-0.56842;6.39966;6.83797;3
GYRO;7.989;1471046.967;-0.47855;0.39392;0.16799;3
MAGN;7.996;1471046.980;14.31250;-0.87500;-40.75000;3
ACCE;7.998;1471046.976;0.28190;6.08548;7.62023;3
GYRO;7.998;1471046.977;-0.52302;0.33908;0.14537;3
AHRS;8.000;1471046.976;36.9551;0.7589;25.5980;0.30766;0.07633;0.21215;3
SOUN;8.005;972.97;0.02969;63.43
MAGN;8.008;1471046.990;14.68750;-0.68750;-40.87500;3
ACCE;8.008;1471046.986;-0.12073;5.93995;7.97832;3
GYRO;8.008;1471046.987;-0.53152;0.22188;0.09041;3
MAGN;8.016;1471047.000;14.81250;-0.56250;-40.75000;3
ACCE;8.018;1471046.996;-0.52971;5.86489;8.22440;3
GYRO;8.024;1471046.997;-0.51583;0.11956;0.08720;3
AHRS;8.025;1471046.996;36.3587;1.0195;25.8208;0.30220;0.07794;0.21497;3
MAGN;8.026;1471047.010;14.93750;-0.31250;-40.87500;3
ACCE;8.027;1471047.006;-0.63916;5.98476;8.52242;3
GYRO;8.028;1471047.007;-0.47077;0.02786;0.10551;3
MAGN;8.037;1471047.020;15.00000;-0.18750;-40.75000;3
ACCE;8.046;1471047.016;-0.66492;5.97741;8.64228;3
GYRO;8.048;1471047.016;-0.40273;-0.00915;0.13271;3
AHRS;8.049;1471047.016;35.7697;1.0788;25.9613;0.29723;0.07771;0.21657;3
MAGN;8.050;1471047.030;15.25000;0.25000;-40.68750;3
ACCE;8.051;1471047.026;-0.62338;6.02223;8.77449;3
GYRO;8.052;1471047.026;-0.32596;-0.00375;0.16078;3
MAGN;8.055;1471047.040;15.37500;0.43750;-40.75000;3
ACCE;8.057;1471047.036;-0.64739;5.95339;8.80515;3
GYRO;8.057;1471047.036;-0.24311;0.02121;0.20153;3
AHRS;8.060;1471047.036;35.3114;0.9569;26.1618;0.29362;0.07639;0.21813;3
MAGN;8.065;1471047.050;15.62500;0.43750;-40.87500;3
ACCE;8.067;1471047.045;-0.55213;5.87867;8.78028;3
GYRO;8.067;1471047.046;-0.16034;0.07154;0.23908;3
MAGN;8.074;1471047.060;15.75000;0.43750;-41.00000;3
ACCE;8.078;1471047.055;-0.39419;5.85827;8.69675;3
GYRO;8.078;1471047.056;-0.08418;0.12711;0.25648;3
AHRS;8.080;1471047.055;35.0367;0.8184;26.4530;0.29146;0.07550;0.22028;3
MAGN;8.084;1471047.070;16.31250;0.31250;-41.00000;3
ACCE;8.086;1471047.065;-0.32333;5.80503;8.56159;3
GYRO;8.087;1471047.066;-0.02646;0.16640;0.26114;3
MAGN;8.094;1471047.080;16.50000;0.18750;-40.68750;3
ACCE;8.096;1471047.075;-0.32254;5.78410;8.34380;3
GYRO;8.097;1471047.076;0.00471;0.17514;0.26990;3
AHRS;8.099;1471047.075;34.9445;0.7604;26.8169;0.29059;0.07578;0.22313;3
MAGN;8.105;1471047.090;16.37500;0.06250;-40.62500;3
ACCE;8.107;1471047.085;-0.30611;5.79285;8.17674;3
GYRO;8.107;1471047.086;0.01286;0.16403;0.28403;3
MAGN;8.114;1471047.100;16.43750;0.00000;-40.62500;3
SOUN;8.115;1103.22;0.03367;64.52
ACCE;8.117;1471047.095;-0.25287;5.78026;7.97368;3
GYRO;8.117;1471047.096;0.00377;0.14151;0.30280;3
AHRS;8.119;1471047.095;34.9543;0.7480;27.1978;0.29044;0.07666;0.22617;3
MAGN;8.124;1471047.109;16.31250;-0.18750;-40.68750;3
ACCE;8.127;1471047.105;-0.22651;5.78877;7.83528;3
GYRO;8.127;1471047.106;-0.02438;0.12490;0.32938;3
MAGN;8.134;1471047.119;16.37500;-0.37500;-40.87500;3
ACCE;8.137;1471047.115;-0.15626;5.72664;7.68508;3
GYRO;8.138;1471047.116;-0.05377;0.12727;0.35671;3
AHRS;8.139;1471047.115;34.9633;0.6707;27.6246;0.29038;0.07714;0.22942;3
MAGN;8.145;1471047.129;16.37500;-0.50000;-40.87500;3
ACCE;8.146;1471047.125;-0.02962;5.66577;7.62671;3
GYRO;8.147;1471047.126;-0.09076;0.14298;0.37622;3
MAGN;8.154;1471047.139;16.37500;-0.50000;-40.93750;3
ACCE;8.156;1471047.135;0.09589;5.58563;7.60690;3
GYRO;8.157;1471047.136;-0.12100;0.16460;0.38062;3
AHRS;8.159;1471047.135;34.9062;0.5335;28.1276;0.28985;0.07719;0.23317;3
MAGN;8.164;1471047.149;16.37500;-0.31250;-40.93750;3
ACCE;8.166;1471047.145;0.23823;5.55044;7.63280;3
GYRO;8.167;1471047.146;-0.14579;0.18605;0.38057;3
MAGN;8.174;1471047.159;16.25000;-0.37500;-41.06250;3
ACCE;8.177;1471047.155;0.35844;5.47191;7.66838;3
GYRO;8.178;1471047.155;-0.16204;0.21761;0.36812;3
AHRS;8.179;1471047.155;34.7715;0.4207;28.6640;0.28863;0.07736;0.23729;3
MAGN;8.184;1471047.169;16.12500;-0.31250;-41.25000;3
ACCE;8.186;1471047.165;0.44486;5.40431;7.71158;3
GYRO;8.187;1471047.165;-0.17181;0.25841;0.34990;3
MAGN;8.194;1471047.179;16.56250;-0.25000;-41.31250;3
ACCE;8.196;1471047.174;0.50657;5.35426;7.76492;3
GYRO;8.197;1471047.175;-0.17045;0.29934;0.32426;3
AHRS;8.198;1471047.174;34.5891;0.3802;29.1822;0.28690;0.07796;0.24148;3
MAGN;8.204;1471047.189;16.62500;-0.18750;-41.00000;3
ACCE;8.206;1471047.184;0.51442;5.28916;7.76602;3
GYRO;8.207;1471047.185;-0.17195;0.33381;0.29728;3
MAGN;8.214;1471047.199;16.75000;-0.18750;-41.00000;3
ACCE;8.216;1471047.194;0.30115;4.59831;8.77321;3
GYRO;8.217;1471047.195;-0.16734;0.24833;0.25569;3
AHRS;8.218;1471047.194;34.3968;0.4699;29.6384;0.28484;0.07941;0.24550;3
MAGN;8.224;1471047.209;16.93750;0.00000;-40.93750;3
ACCE;8.226;1471047.204;0.92760;4.75368;9.14238;3
GYRO;8.230;1471047.205;-0.15017;-0.08111;0.15649;3
LIGH;8.233;1471047.209;0.0;3
MAGN;8.234;1471047.219;16.75000;0.00000;-40.93750;3
ACCE;8.236;1471047.214;0.95087;4.50186;9.53092;3
GYRO;8.237;1471047.215;-0.14059;-0.43298;0.01220;3
AHRS;8.238;1471047.214;34.2080;0.5563;29.9989;0.28288;0.08060;0.24874;3
MAGN;8.244;1471047.229;16.62500;0.00000;-40.81250;3
ACCE;8.246;1471047.224;1.01315;4.64947;9.31569;3
GYRO;8.246;1471047.225;-0.15249;-0.67199;-0.11364;3
MAGN;8.253;1471047.238;16.37500;-0.06250;-41.18750;3
ACCE;8.255;1471047.234;0.60490;5.00996;8.96855;3
GYRO;8.257;1471047.235;-0.16394;-0.78695;-0.19134;3
AHRS;8.258;1471047.234;34.0471;0.0531;30.0206;0.28266;0.07625;0.24778;3
MAGN;8.264;1471047.248;16.06250;0.06250;-41.18750;3
ACCE;8.265;1471047.244;-0.41746;5.68939;8.20498;3
GYRO;8.266;1471047.245;-0.17068;-0.61010;-0.14153;3
MAGN;8.273;1471047.258;16.12500;0.06250;-41.37500;3
ACCE;8.275;1471047.254;-0.51643;5.93503;8.14867;3
GYRO;8.276;1471047.255;-0.16050;-0.3